event_code,origin_time_mech,latitude_mech,longitude_mech,depth_km_mech,mag_1,mag_2,P_axis_azimuth,P_axis_dip,T_axis_azimuth,T_axis_dip,N_axis_azimuth,N_axis_dip,strike_plane1,dip_plane1,rake_plane1,strike_plane2,dip_plane2,rake_plane2,focal_mech_score,n_hypo_stations,n_mech_stations,has_geometry,has_mechanism_core,time_key,origin_time_cat,latitude_cat,longitude_cat,depth_km_cat,magnitude
J2025100111563882,2025-10-01 02:56:38.820000+00:00,41.81333333333333,142.66816666666668,56.44,3.5,,116.0,29.0,208.0,3.0,303.0,61.0,256.0,68.0,-161.0,158.0,72.0,-24.0,98.0,40,65.0,True,True,2025-10-01 02:56:39,,,,,
J2025100123500609,2025-10-01 14:50:06.090000+00:00,38.69883333333333,141.97583333333333,58.73,4.6,4.5,303.0,24.0,158.0,61.0,40.0,15.0,5.0,25.0,52.0,225.0,71.0,106.0,96.0,40,225.0,True,True,2025-10-01 14:50:06,2025-10-01 14:50:06.090000+00:00,38.698857,141.977311,58.74,4.6
J2025100317451495,2025-10-03 08:45:14.950000+00:00,38.345333333333336,141.6795,52.98,3.3,,102.0,20.0,237.0,63.0,5.0,18.0,219.0,29.0,128.0,358.0,67.0,71.0,94.0,35,117.0,True,True,2025-10-03 08:45:15,,,,,
J2025100423151668,2025-10-04 14:15:16.680000+00:00,39.65383333333333,142.26833333333337,32.97,4.4,4.6,,,,,,,,,,,,,,40,,False,False,2025-10-04 14:15:17,2025-10-04 14:15:16.680000+00:00,39.655359,142.269173,33.02,4.4
J2025100515304777,2025-10-05 06:30:47.770000+00:00,42.55266666666667,141.87,13025.0,4.0,3.9,339.0,82.0,157.0,8.0,67.0,0.0,247.0,37.0,-90.0,67.0,53.0,-90.0,93.0,38,230.0,True,True,2025-10-05 06:30:48,,,,,
J2025100611310731,2025-10-06 02:31:07.310000+00:00,39.759166666666665,141.8375,58.62,3.7,,102.0,22.0,323.0,62.0,199.0,17.0,164.0,27.0,52.0,26.0,69.0,108.0,99.0,40,91.0,True,True,2025-10-06 02:31:07,2025-10-06 02:31:07.310000+00:00,39.759688,141.836523,58.62,3.7
J2025100816163326,2025-10-08 07:16:33.260000+00:00,41.0095,143.1265,23.13,3.7,,,,,,,,,,,,,,,35,,False,False,2025-10-08 07:16:33,2025-10-08 07:16:33.270000+00:00,41.009119,143.126937,22.92,3.7
J2025101107063590,2025-10-10 22:06:35.900000+00:00,41.7255,142.67483333333334,61.04,4.4,3.9,,,,,,,,,,,,,,40,,False,False,2025-10-10 22:06:36,,,,,
J2025101212343544,2025-10-12 03:34:35.440000+00:00,42.307833333333335,143.01683333333332,50.68,3.6,,,,,,,,,,,,,,,40,,False,False,2025-10-12 03:34:35,,,,,
J2025101305185591,2025-10-12 20:18:55.910000+00:00,41.35783333333333,144.39533333333333,32.64,4.0,,,,,,,,,,,,,,,35,,False,False,2025-10-12 20:18:56,,,,,
J2025101407060327,2025-10-13 22:06:03.270000+00:00,39.518,142.01716666666667,19.54,4.3,4.5,230.0,49.0,115.0,20.0,11.0,34.0,247.0,39.0,-28.0,359.0,73.0,-126.0,92.0,20,123.0,True,True,2025-10-13 22:06:03,2025-10-13 22:06:03.280000+00:00,39.51746,142.017367,19.54,4.3
J2025101517502029,2025-10-15 08:50:20.290000+00:00,38.532833333333336,141.41583333333332,71.83,3.9,4.0,255.0,55.0,62.0,34.0,156.0,6.0,126.0,12.0,-120.0,337.0,79.0,-84.0,94.0,40,212.0,True,True,2025-10-15 08:50:20,2025-10-15 08:50:20.290000+00:00,38.531966,141.430566,71.8,3.9
J2025102114204676,2025-10-21 05:20:46.760000+00:00,38.91916666666667,142.11833333333334,43.8,3.7,,,,,,,,,,,,,,,38,,False,False,2025-10-21 05:20:47,2025-10-21 05:20:46.760000+00:00,38.919373,142.118229,43.79,3.7
J2025102218173198,2025-10-22 09:17:31.980000+00:00,42.924,145.4745,43.14,5.1,5.0,129.0,12.0,263.0,73.0,36.0,12.0,234.0,35.0,111.0,29.0,58.0,76.0,97.0,38,144.0,True,True,2025-10-22 09:17:32,,,,,
J2025102409271441,2025-10-24 00:27:14.410000+00:00,38.190666666666665,141.70733333333334,51.4,3.9,3.9,,,,,,,,,,,,,,38,,False,False,2025-10-24 00:27:14,,,,,
J2025102501400976,2025-10-24 16:40:09.760000+00:00,42.932833333333335,145.617,39.72,5.8,5.8,,,,,,,,,,,,,,39,,False,False,2025-10-24 16:40:10,,,,,
J2025102819050245,2025-10-28 10:05:02.450000+00:00,41.58683333333333,141.95783333333333,60.34,3.9,,117.0,29.0,305.0,61.0,209.0,3.0,197.0,16.0,78.0,30.0,74.0,94.0,95.0,39,97.0,True,True,2025-10-28 10:05:02,,,,,
J2025110123440618,2025-11-01 14:44:06.180000+00:00,39.10333333333333,142.19016666666667,49.62,4.4,4.6,292.0,29.0,55.0,44.0,182.0,32.0,73.0,33.0,164.0,177.0,81.0,58.0,95.0,38,128.0,True,True,2025-11-01 14:44:06,,,,,
J2025110720422546,2025-11-07 11:42:25.460000+00:00,40.25416666666667,142.51733333333334,41.38,3.9,,106.0,31.0,292.0,59.0,198.0,3.0,187.0,14.0,79.0,18.0,76.0,93.0,95.0,39,123.0,True,True,2025-11-07 11:42:25,,,,,
J2025110818172702,2025-11-08 09:17:27.020000+00:00,38.296,141.87416666666667,62.6,3.9,4.3,295.0,11.0,179.0,66.0,29.0,21.0,1.0,39.0,55.0,222.0,59.0,115.0,98.0,40,184.0,True,True,2025-11-08 09:17:27,,,,,
J2025110913164023,2025-11-09 04:16:40.230000+00:00,41.9585,142.33783333333332,70.75,4.0,4.0,113.0,15.0,308.0,74.0,204.0,4.0,197.0,30.0,82.0,26.0,60.0,95.0,98.0,40,127.0,True,True,2025-11-09 04:16:40,,,,,
J2025111310384665,2025-11-13 01:38:46.650000+00:00,42.92316666666667,145.4685,42.07,3.9,,,,,,,,,,,,,,,39,,False,False,2025-11-13 01:38:47,,,,,
J2025111311334922,2025-11-13 02:33:49.220000+00:00,39.80866666666667,142.34866666666667,13.63,3.7,,,,,,,,,,,,,,,40,,False,False,2025-11-13 02:33:49,2025-11-13 02:33:49.210000+00:00,39.809644,142.348877,13.71,3.7
J2025111323013164,2025-11-13 14:01:31.640000+00:00,38.323166666666665,141.616,54.98,3.5,,,,,,,,,,,,,,,40,,False,False,2025-11-13 14:01:32,,,,,
J2025111406233075,2025-11-13 21:23:30.750000+00:00,40.1275,142.47583333333333,38.38,3.7,,,,,,,,,,,,,,,40,,False,False,2025-11-13 21:23:31,2025-11-13 21:23:30.760000+00:00,40.12819,142.475081,38.32,3.7
J2025111408052175,2025-11-13 23:05:21.750000+00:00,39.614333333333335,141.35966666666667,84.99,3.7,,273.0,20.0,180.0,8.0,69.0,68.0,315.0,70.0,-9.0,48.0,82.0,-160.0,98.0,39,175.0,True,True,2025-11-13 23:05:22,2025-11-13 23:05:21.760000+00:00,39.614091,141.355485,85.01,3.7
J2025111507325083,2025-11-14 22:32:50.830000+00:00,40.535,142.3425,82.73,3.6,,36.0,67.0,284.0,9.0,191.0,21.0,37.0,40.0,-56.0,176.0,57.0,-115.0,99.0,39,108.0,True,True,2025-11-14 22:32:51,,,,,
J2025111516570429,2025-11-15 07:57:04.290000+00:00,38.64233333333333,141.90533333333337,46.79,3.5,,117.0,29.0,311.0,60.0,210.0,6.0,190.0,17.0,69.0,32.0,74.0,96.0,98.0,35,108.0,True,True,2025-11-15 07:57:04,2025-11-15 07:57:04.270000+00:00,38.641715,141.903971,46.94,3.5
J2025111611244860,2025-11-16 02:24:48.600000+00:00,38.81783333333333,141.99866666666668,46.62,3.3,,270.0,8.0,23.0,70.0,177.0,18.0,20.0,40.0,119.0,164.0,56.0,68.0,95.0,40,77.0,True,True,2025-11-16 02:24:49,,,,,
J2025111806243123,2025-11-17 21:24:31.230000+00:00,38.6175,141.445,73.98,3.5,,286.0,25.0,175.0,37.0,41.0,43.0,326.0,43.0,11.0,228.0,83.0,133.0,100.0,38,130.0,True,True,2025-11-17 21:24:31,2025-11-17 21:24:31.240000+00:00,38.617383,141.448079,73.91,3.5
J2025111808461483,2025-11-17 23:46:14.830000+00:00,41.91516666666666,142.505,53.52,3.6,,,,,,,,,,,,,,,39,,False,False,2025-11-17 23:46:15,,,,,
J2025111811054928,2025-11-18 02:05:49.280000+00:00,39.23016666666667,142.47933333333333,27.38,4.3,4.0,,,,,,,,,,,,,,38,,False,False,2025-11-18 02:05:49,2025-11-18 02:05:49.270000+00:00,39.229305,142.479378,27.4,4.3
J2025111812033664,2025-11-18 03:03:36.640000+00:00,38.538,141.73033333333333,52.82,3.6,,96.0,17.0,286.0,73.0,187.0,3.0,182.0,28.0,84.0,8.0,62.0,93.0,96.0,39,115.0,True,True,2025-11-18 03:03:37,2025-11-18 03:03:36.650000+00:00,38.538619,141.732747,52.53,3.6
J2025111817212096,2025-11-18 08:21:20.960000+00:00,40.934333333333335,142.6225,44.62,4.8,4.6,,,,,,,,,,,,,,39,,False,False,2025-11-18 08:21:21,2025-11-18 08:21:20.970000+00:00,40.935177,142.622087,44.62,4.8
J2025112216221647,2025-11-22 07:22:16.470000+00:00,42.034333333333336,142.603,64.37,3.5,,115.0,15.0,295.0,75.0,25.0,0.0,205.0,30.0,90.0,25.0,60.0,90.0,99.0,40,78.0,True,True,2025-11-22 07:22:16,,,,,
J2025112312374483,2025-11-23 03:37:44.830000+00:00,39.44883333333333,142.58466666666666,29.81,4.2,4.0,,,,,,,,,,,,,,39,,False,False,2025-11-23 03:37:45,2025-11-23 03:37:44.830000+00:00,39.448751,142.585189,29.78,4.2
J2025112419095167,2025-11-24 10:09:51.670000+00:00,38.88966666666666,141.96933333333334,48.8,3.7,3.6,110.0,25.0,302.0,65.0,202.0,5.0,190.0,21.0,77.0,24.0,70.0,95.0,100.0,40,139.0,True,True,2025-11-24 10:09:52,2025-11-24 10:09:51.690000+00:00,38.890141,141.97015,48.64,3.7
J2025112512175877,2025-11-25 03:17:58.770000+00:00,38.623333333333335,141.89733333333334,46.62,3.7,,114.0,26.0,310.0,63.0,207.0,6.0,189.0,20.0,71.0,29.0,71.0,97.0,98.0,40,147.0,True,True,2025-11-25 03:17:59,2025-11-25 03:17:58.790000+00:00,38.623816,141.898584,46.49,3.7
J2025112520430470,2025-11-25 11:43:04.700000+00:00,39.4495,142.58833333333334,29.74,3.5,,,,,,,,,,,,,,,39,,False,False,2025-11-25 11:43:05,2025-11-25 11:43:04.690000+00:00,39.449866,142.587939,29.83,3.5
J2025112701435693,2025-11-26 16:43:56.930000+00:00,42.46033333333333,144.3235,74.05,4.6,4.7,212.0,41.0,346.0,39.0,98.0,25.0,11.0,25.0,-177.0,279.0,89.0,-65.0,90.0,34,144.0,True,True,2025-11-26 16:43:57,,,,,
J2025113008033829,2025-11-29 23:03:38.290000+00:00,40.60683333333333,141.96916666666667,61.29,3.5,,287.0,12.0,184.0,46.0,28.0,41.0,338.0,49.0,29.0,228.0,69.0,135.0,94.0,39,118.0,True,True,2025-11-29 23:03:38,,,,,
J2025120102255059,2025-11-30 17:25:50.590000+00:00,38.21233333333333,141.7955,58.81,4.7,4.7,278.0,9.0,140.0,78.0,9.0,8.0,359.0,37.0,77.0,195.0,54.0,100.0,99.0,40,179.0,True,True,2025-11-30 17:25:51,,,,,
J2025120109480157,2025-12-01 00:48:01.570000+00:00,42.111666666666665,142.55216666666666,45.89,4.5,4.6,6.0,7.0,102.0,39.0,268.0,50.0,136.0,58.0,155.0,240.0,69.0,35.0,96.0,40,128.0,True,True,2025-12-01 00:48:02,2025-12-01 00:48:01.550000+00:00,42.112264,142.551644,46.1,4.5
J2025120219030437,2025-12-02 10:03:04.370000+00:00,42.93833333333333,145.45916666666668,45.28,5.2,5.0,128.0,11.0,255.0,72.0,35.0,14.0,235.0,36.0,114.0,26.0,58.0,73.0,98.0,39,179.0,True,True,2025-12-02 10:03:04,,,,,
J2025120315202322,2025-12-03 06:20:23.220000+00:00,42.355,143.98133333333334,67.16,3.9,4.1,266.0,22.0,19.0,44.0,158.0,38.0,42.0,41.0,160.0,147.0,77.0,51.0,94.0,39,114.0,True,True,2025-12-03 06:20:23,,,,,
J2025120322172061,2025-12-03 13:17:20.610000+00:00,38.43933333333333,141.6805,53.4,3.3,,97.0,20.0,299.0,69.0,190.0,7.0,175.0,26.0,73.0,13.0,65.0,98.0,98.0,39,101.0,True,True,2025-12-03 13:17:21,,,,,
J2025120323410142,2025-12-03 14:41:01.420000+00:00,38.3115,141.89316666666667,45.79,3.9,4.1,102.0,23.0,290.0,67.0,193.0,3.0,186.0,22.0,82.0,14.0,68.0,93.0,98.0,40,131.0,True,True,2025-12-03 14:41:01,,,,,
J2025120418035147,2025-12-04 09:03:51.470000+00:00,42.751666666666665,143.21966666666663,55.82,3.6,3.8,,,,,,,,,,,,,,39,,False,False,2025-12-04 09:03:51,,,,,
J2025120823151018,2025-12-08 14:15:10.180000+00:00,40.967666666666666,142.28816666666663,53.5,7.5,7.4,108.0,27.0,298.0,63.0,200.0,4.0,188.0,19.0,77.0,21.0,72.0,94.0,94.0,40,310.0,True,True,2025-12-08 14:15:10,2025-12-08 14:15:10.180000+00:00,40.966239,142.290218,53.46,7.5
J2025120823200429,2025-12-08 14:20:04.290000+00:00,41.02933333333333,142.501,40.83,4.0,,,,,,,,,,,,,,,34,,False,False,2025-12-08 14:20:04,2025-12-08 14:20:04.280000+00:00,41.028788,142.500798,40.77,4.0
J2025120823222684,2025-12-08 14:22:26.840000+00:00,40.986666666666665,143.12433333333334,19.03,3.6,,,,,,,,,,,,,,,24,,False,False,2025-12-08 14:22:27,2025-12-08 14:22:26.840000+00:00,40.985962,143.124186,19.2,3.6
J2025120823225346,2025-12-08 14:22:53.460000+00:00,41.16616666666667,143.25483333333332,11.43,3.9,,,,,,,,,,,,,,,17,,False,False,2025-12-08 14:22:53,2025-12-08 14:22:53.480000+00:00,41.167216,143.251758,11.73,3.9
J2025120823232985,2025-12-08 14:23:29.850000+00:00,40.93333333333333,143.03333333333333,18.16,3.6,,,,,,,,,,,,,,,21,,False,False,2025-12-08 14:23:30,2025-12-08 14:23:29.840000+00:00,40.933818,143.033805,18.33,3.6
J2025120823254773,2025-12-08 14:25:47.730000+00:00,41.0665,143.09533333333334,26.82,3.6,,,,,,,,,,,,,,,14,,False,False,2025-12-08 14:25:48,2025-12-08 14:25:47.740000+00:00,41.065572,143.098942,26.7,3.6
J2025120823304731,2025-12-08 14:30:47.310000+00:00,41.023833333333336,142.542,40.86,3.9,,,,,,,,,,,,,,,35,,False,False,2025-12-08 14:30:47,2025-12-08 14:30:47.300000+00:00,41.024178,142.542936,40.79,3.9
J2025120823314255,2025-12-08 14:31:42.550000+00:00,40.952,143.1205,19.51,3.8,,,,,,,,,,,,,,,14,,False,False,2025-12-08 14:31:43,2025-12-08 14:31:42.550000+00:00,40.952852,143.119499,19.61,3.8
J2025120823322807,2025-12-08 14:32:28.070000+00:00,40.90083333333333,143.1605,10.96,3.5,,,,,,,,,,,,,,,10,,False,False,2025-12-08 14:32:28,2025-12-08 14:32:28.080000+00:00,40.90107,143.158447,10.55,3.5
J2025120823333927,2025-12-08 14:33:39.270000+00:00,40.884,142.58766666666668,41.62,5.9,5.3,,,,,,,,,,,,,,39,,False,False,2025-12-08 14:33:39,2025-12-08 14:33:39.270000+00:00,40.884871,142.585889,41.59,5.9
J2025120823404193,2025-12-08 14:40:41.930000+00:00,40.918,143.16283333333334,17.22,3.6,,,,,,,,,,,,,,,12,,False,False,2025-12-08 14:40:42,2025-12-08 14:40:41.920000+00:00,40.918213,143.16263,17.0,3.6
J2025120823420105,2025-12-08 14:42:01.050000+00:00,40.90083333333333,143.1415,16.72,3.6,,,,,,,,,,,,,,,23,,False,False,2025-12-08 14:42:01,2025-12-08 14:42:01.060000+00:00,40.901571,143.142578,16.67,3.6
J2025120823593570,2025-12-08 14:59:35.700000+00:00,41.05283333333333,142.47683333333333,40.88,3.5,,,,,,,,,,,,,,,26,,False,False,2025-12-08 14:59:36,2025-12-08 14:59:35.700000+00:00,41.052474,142.475277,41.01,3.5
J2025120900033283,2025-12-08 15:03:32.830000+00:00,41.04883333333333,142.78633333333337,29.5,3.9,,,,,,,,,,,,,,,38,,False,False,2025-12-08 15:03:33,,,,,
J2025120900053163,2025-12-08 15:05:31.630000+00:00,41.13183333333333,142.70216666666667,20.74,3.7,,,,,,,,,,,,,,,37,,False,False,2025-12-08 15:05:32,2025-12-08 15:05:31.630000+00:00,41.131624,142.70223,20.7,3.7
J2025120900095567,2025-12-08 15:09:55.670000+00:00,40.99216666666667,142.6995,36.69,3.9,,,,,,,,,,,,,,,37,,False,False,2025-12-08 15:09:56,2025-12-08 15:09:55.680000+00:00,40.992143,142.700098,36.69,3.9
J2025120900220526,2025-12-08 15:22:05.260000+00:00,41.144333333333336,143.11583333333334,19.38,3.5,,,,,,,,,,,,,,,36,,False,False,2025-12-08 15:22:05,2025-12-08 15:22:05.250000+00:00,41.14412,143.115104,19.47,3.5
J2025120900252205,2025-12-08 15:25:22.050000+00:00,41.14866666666666,142.25966666666667,51.22,3.5,,,,,,,,,,,,,,,37,,False,False,2025-12-08 15:25:22,2025-12-08 15:25:22.070000+00:00,41.148409,142.25944,50.98,3.5
J2025120900501705,2025-12-08 15:50:17.050000+00:00,41.026833333333336,142.9275,25.22,3.5,,,,,,,,,,,,,,,30,,False,False,2025-12-08 15:50:17,2025-12-08 15:50:17.030000+00:00,41.027612,142.928434,25.59,3.5
J2025120900575558,2025-12-08 15:57:55.580000+00:00,40.889,143.13883333333334,20.12,4.9,4.6,113.0,15.0,335.0,70.0,206.0,13.0,185.0,32.0,65.0,34.0,61.0,105.0,87.0,34,103.0,True,True,2025-12-08 15:57:56,2025-12-08 15:57:55.580000+00:00,40.889636,143.138053,20.26,4.9
J2025120900585878,2025-12-08 15:58:58.780000+00:00,40.89416666666666,143.092,15.5,3.9,,,,,,,,,,,,,,,16,,False,False,2025-12-08 15:58:59,2025-12-08 15:58:58.780000+00:00,40.8946,143.092155,15.69,3.9
J2025120901012330,2025-12-08 16:01:23.300000+00:00,41.2205,143.06683333333334,20.7,3.5,,,,,,,,,,,,,,,30,,False,False,2025-12-08 16:01:23,2025-12-08 16:01:23.320000+00:00,41.220846,143.067057,20.14,3.5
J2025120901081062,2025-12-08 16:08:10.620000+00:00,40.98016666666667,142.113,55.77,3.7,,119.0,24.0,309.0,66.0,211.0,4.0,201.0,21.0,80.0,32.0,69.0,94.0,96.0,38,80.0,True,True,2025-12-08 16:08:11,2025-12-08 16:08:10.630000+00:00,40.980965,142.111165,55.82,3.7
J2025120901184301,2025-12-08 16:18:43.010000+00:00,40.9005,143.14366666666666,18.48,4.0,,,,,,,,,,,,,,,33,,False,False,2025-12-08 16:18:43,2025-12-08 16:18:43.020000+00:00,40.900399,143.144352,18.27,4.0
J2025120901205627,2025-12-08 16:20:56.270000+00:00,41.16483333333333,143.2595,17.06,3.7,,,,,,,,,,,,,,,30,,False,False,2025-12-08 16:20:56,2025-12-08 16:20:56.280000+00:00,41.164205,143.259277,16.7,3.7
J2025120901215759,2025-12-08 16:21:57.590000+00:00,40.989,143.1805,18.17,3.7,,,,,,,,,,,,,,,30,,False,False,2025-12-08 16:21:58,2025-12-08 16:21:57.600000+00:00,40.987712,143.180225,18.27,3.7
J2025120901290288,2025-12-08 16:29:02.880000+00:00,40.931,143.03616666666667,18.69,3.5,,,,,,,,,,,,,,,32,,False,False,2025-12-08 16:29:03,2025-12-08 16:29:02.870000+00:00,40.930839,143.036963,18.63,3.5
J2025120902124411,2025-12-08 17:12:44.110000+00:00,41.06433333333333,142.9375,26.04,4.1,4.2,,,,,,,,,,,,,,31,,False,False,2025-12-08 17:12:44,2025-12-08 17:12:44.120000+00:00,41.062004,142.937826,25.96,4.1
J2025120902161558,2025-12-08 17:16:15.580000+00:00,42.92766666666667,145.44933333333333,44.3,4.1,3.6,,,,,,,,,,,,,,39,,False,False,2025-12-08 17:16:16,,,,,
J2025120902582677,2025-12-08 17:58:26.770000+00:00,40.989666666666665,143.15316666666666,21.16,4.4,4.4,,,,,,,,,,,,,,35,,False,False,2025-12-08 17:58:27,2025-12-08 17:58:26.760000+00:00,40.990348,143.153304,21.2,4.4
J2025120903535291,2025-12-08 18:53:52.910000+00:00,40.88016666666667,143.15183333333334,16.56,3.5,,,,,,,,,,,,,,,31,,False,False,2025-12-08 18:53:53,2025-12-08 18:53:52.920000+00:00,40.880229,143.151628,16.68,3.5
J2025120903562953,2025-12-08 18:56:29.530000+00:00,40.95033333333333,143.12783333333334,19.15,6.1,6.0,88.0,10.0,247.0,79.0,357.0,4.0,183.0,35.0,97.0,355.0,55.0,85.0,95.0,33,93.0,True,True,2025-12-08 18:56:30,2025-12-08 18:56:29.520000+00:00,40.95085,143.128711,19.08,6.1
J2025120904011085,2025-12-08 19:01:10.850000+00:00,40.94016666666667,143.195,17.51,4.8,,,,,,,,,,,,,,,34,,False,False,2025-12-08 19:01:11,2025-12-08 19:01:10.840000+00:00,40.941707,143.196045,17.55,4.8
J2025120904042714,2025-12-08 19:04:27.140000+00:00,40.96633333333333,143.1265,20.06,3.7,,,,,,,,,,,,,,,31,,False,False,2025-12-08 19:04:27,2025-12-08 19:04:27.140000+00:00,40.967179,143.12723,20.02,3.7
J2025120904144184,2025-12-08 19:14:41.840000+00:00,40.96416666666666,143.13,20.88,4.0,,,,,,,,,,,,,,,34,,False,False,2025-12-08 19:14:42,2025-12-08 19:14:41.840000+00:00,40.965243,143.129411,20.88,4.0
J2025120904154184,2025-12-08 19:15:41.840000+00:00,40.98483333333333,143.141,20.28,3.6,,,,,,,,,,,,,,,28,,False,False,2025-12-08 19:15:42,2025-12-08 19:15:41.840000+00:00,40.985099,143.139811,20.53,3.6
J2025120904453162,2025-12-08 19:45:31.620000+00:00,40.891333333333336,143.113,19.99,3.8,,,,,,,,,,,,,,,32,,False,False,2025-12-08 19:45:32,2025-12-08 19:45:31.620000+00:00,40.890658,143.112126,20.11,3.8
J2025120905432258,2025-12-08 20:43:22.580000+00:00,40.89833333333333,143.21583333333334,15.72,3.5,,,,,,,,,,,,,,,31,,False,False,2025-12-08 20:43:23,2025-12-08 20:43:22.600000+00:00,40.898486,143.216829,15.43,3.5
J2025120906243103,2025-12-08 21:24:31.030000+00:00,41.035,143.14116666666666,22.06,3.6,,,,,,,,,,,,,,,35,,False,False,2025-12-08 21:24:31,2025-12-08 21:24:31.040000+00:00,41.035612,143.141683,21.87,3.6
J2025120906254092,2025-12-08 21:25:40.920000+00:00,40.86683333333333,143.151,13.47,3.5,,,,,,,,,,,,,,,24,,False,False,2025-12-08 21:25:41,2025-12-08 21:25:40.920000+00:00,40.866772,143.150146,13.83,3.5
J2025120906312554,2025-12-08 21:31:25.540000+00:00,39.15,142.34583333333333,45.6,3.7,,,,,,,,,,,,,,,37,,False,False,2025-12-08 21:31:26,2025-12-08 21:31:26.320000+00:00,41.291585,142.376986,48.66,3.3
J2025120906320487,2025-12-08 21:32:04.870000+00:00,41.15566666666667,142.62216666666666,38.01,3.5,,,,,,,,,,,,,,,37,,False,False,2025-12-08 21:32:05,2025-12-08 21:32:04.880000+00:00,41.155595,142.622998,38.06,3.5
J2025120906524271,2025-12-08 21:52:42.710000+00:00,40.943333333333335,143.301,14.64,6.6,6.5,,,,,,,,,,,,,,34,,False,False,2025-12-08 21:52:43,2025-12-08 21:52:42.720000+00:00,40.944531,143.300505,14.8,6.6
J2025120907071657,2025-12-08 22:07:16.570000+00:00,41.00066666666667,143.22116666666668,19.42,4.7,,,,,,,,,,,,,,,36,,False,False,2025-12-08 22:07:17,2025-12-08 22:07:16.560000+00:00,41.000142,143.220378,19.43,4.7
J2025120907091323,2025-12-08 22:09:13.230000+00:00,41.01766666666666,142.522,41.62,3.9,,,,,,,,,,,,,,,25,,False,False,2025-12-08 22:09:13,2025-12-08 22:09:13.260000+00:00,41.018026,142.520898,41.39,3.9
J2025120907392894,2025-12-08 22:39:28.940000+00:00,41.1565,142.615,39.53,3.7,,,,,,,,,,,,,,,38,,False,False,2025-12-08 22:39:29,2025-12-08 22:39:28.960000+00:00,41.155815,142.615365,39.38,3.7
J2025120908030994,2025-12-08 23:03:09.940000+00:00,40.864333333333335,143.18166666666667,14.38,3.5,,,,,,,,,,,,,,,34,,False,False,2025-12-08 23:03:10,2025-12-08 23:03:09.920000+00:00,40.864242,143.181657,14.12,3.5
J2025120908302277,2025-12-08 23:30:22.770000+00:00,40.87433333333333,143.18383333333333,16.7,3.7,,,,,,,,,,,,,,,32,,False,False,2025-12-08 23:30:23,2025-12-08 23:30:22.760000+00:00,40.873877,143.183626,16.54,3.7
J2025120908305894,2025-12-08 23:30:58.940000+00:00,40.80166666666667,143.33066666666667,754.0,3.5,,,,,,,,,,,,,,,15,,False,False,2025-12-08 23:30:59,2025-12-08 23:30:58.940000+00:00,40.802482,143.329476,7.58,3.5
J2025120908590563,2025-12-08 23:59:05.630000+00:00,40.813833333333335,142.92333333333335,26.23,5.4,5.4,,,,,,,,,,,,,,40,,False,False,2025-12-08 23:59:06,2025-12-08 23:59:05.640000+00:00,40.814425,142.922396,26.02,5.4
J2025120909090467,2025-12-09 00:09:04.670000+00:00,40.957166666666666,143.1125,21.69,3.9,,,,,,,,,,,,,,,33,,False,False,2025-12-09 00:09:05,2025-12-09 00:09:04.670000+00:00,40.957214,143.112809,21.81,3.9
J2025120909182715,2025-12-09 00:18:27.150000+00:00,41.15616666666666,142.25633333333334,52.22,4.4,4.6,109.0,22.0,310.0,67.0,202.0,7.0,185.0,24.0,71.0,25.0,67.0,98.0,95.0,40,148.0,True,True,2025-12-09 00:18:27,2025-12-09 00:18:27.140000+00:00,41.157605,142.260059,52.17,4.4
J2025120913472621,2025-12-09 04:47:26.210000+00:00,41.155166666666666,142.61083333333335,40.32,3.9,4.1,,,,,,,,,,,,,,40,,False,False,2025-12-09 04:47:26,2025-12-09 04:47:26.210000+00:00,41.154183,142.611572,40.3,3.9
J2025120914154775,2025-12-09 05:15:47.750000+00:00,41.216166666666666,143.07483333333334,23.97,4.4,4.3,,,,,,,,,,,,,,37,,False,False,2025-12-09 05:15:48,2025-12-09 05:15:47.750000+00:00,41.216504,143.075163,24.18,4.4
J2025120914482455,2025-12-09 05:48:24.550000+00:00,40.8495,143.00383333333335,20.5,3.7,,,,,,,,,,,,,,,35,,False,False,2025-12-09 05:48:25,2025-12-09 05:48:24.540000+00:00,40.84788,143.004167,20.57,3.7
J2025120917403053,2025-12-09 08:40:30.530000+00:00,41.07783333333333,142.981,25.02,3.5,,,,,,,,,,,,,,,40,,False,False,2025-12-09 08:40:31,2025-12-09 08:40:30.530000+00:00,41.077787,142.980469,24.94,3.5
J2025120918094599,2025-12-09 09:09:45.990000+00:00,41.268,142.41933333333333,46.93,5.3,5.2,116.0,21.0,319.0,67.0,209.0,8.0,191.0,25.0,70.0,33.0,67.0,99.0,91.0,40,234.0,True,True,2025-12-09 09:09:46,2025-12-09 09:09:45.980000+00:00,41.267261,142.41984,47.0,5.3
J2025120918200217,2025-12-09 09:20:02.170000+00:00,41.20933333333333,143.04916666666668,28.22,4.4,4.3,,,,,,,,,,,,,,39,,False,False,2025-12-09 09:20:02,2025-12-09 09:20:02.190000+00:00,41.211186,143.048307,27.88,4.4
J2025120919044907,2025-12-09 10:04:49.070000+00:00,40.901833333333336,143.09616666666668,19.45,4.1,,,,,,,,,,,,,,,32,,False,False,2025-12-09 10:04:49,2025-12-09 10:04:49.070000+00:00,40.902059,143.096517,19.34,4.1
J2025121007143897,2025-12-09 22:14:38.970000+00:00,41.17583333333334,142.558,43.7,3.8,3.9,104.0,24.0,284.0,66.0,14.0,0.0,194.0,21.0,90.0,14.0,69.0,90.0,97.0,40,90.0,True,True,2025-12-09 22:14:39,2025-12-09 22:14:38.960000+00:00,41.175456,142.55887,43.87,3.8
J2025121007200270,2025-12-09 22:20:02.700000+00:00,40.85233333333333,143.00233333333333,16.59,4.4,4.4,,,,,,,,,,,,,,30,,False,False,2025-12-09 22:20:03,2025-12-09 22:20:02.700000+00:00,40.852161,143.003499,16.54,4.4
J2025121007494671,2025-12-09 22:49:46.710000+00:00,40.85066666666667,143.0045,17.66,3.8,,,,,,,,,,,,,,,34,,False,False,2025-12-09 22:49:47,2025-12-09 22:49:46.720000+00:00,40.850411,143.005615,17.8,3.8
J2025121008043604,2025-12-09 23:04:36.040000+00:00,41.2695,142.39816666666667,47.67,4.3,4.4,113.0,22.0,325.0,65.0,208.0,12.0,182.0,26.0,61.0,33.0,68.0,103.0,93.0,36,148.0,True,True,2025-12-09 23:04:36,2025-12-09 23:04:36.040000+00:00,41.268921,142.397738,47.72,4.3
J2025121015234827,2025-12-10 06:23:48.270000+00:00,41.031666666666666,142.7155,36.0,4.3,4.3,,,,,,,,,,,,,,40,,False,False,2025-12-10 06:23:48,2025-12-10 06:23:48.280000+00:00,41.031991,142.716081,36.07,4.3
J2025121018370283,2025-12-10 09:37:02.830000+00:00,41.16516666666666,142.5845,42.79,3.6,,117.0,27.0,286.0,63.0,25.0,4.0,218.0,19.0,104.0,23.0,72.0,85.0,88.0,40,59.0,True,True,2025-12-10 09:37:03,2025-12-10 09:37:02.830000+00:00,41.165177,142.585807,42.62,3.6
J2025121023012950,2025-12-10 14:01:29.500000+00:00,41.25266666666667,142.39233333333334,48.41,4.2,4.2,116.0,24.0,322.0,64.0,211.0,10.0,186.0,23.0,63.0,34.0,70.0,101.0,96.0,40,139.0,True,True,2025-12-10 14:01:30,,,,,
J2025121023522419,2025-12-10 14:52:24.190000+00:00,40.8365,142.7565,36.13,6.0,5.8,113.0,15.0,339.0,69.0,207.0,14.0,183.0,33.0,62.0,35.0,61.0,106.0,94.0,40,219.0,True,True,2025-12-10 14:52:24,2025-12-10 14:52:24.190000+00:00,40.834473,142.756527,36.04,6.0
J2025121110225761,2025-12-11 01:22:57.610000+00:00,40.908166666666666,143.0865,19.81,3.9,,,,,,,,,,,,,,,27,,False,False,2025-12-11 01:22:58,2025-12-11 01:22:57.610000+00:00,40.907678,143.085384,19.82,3.9
J2025121111222360,2025-12-11 02:22:23.600000+00:00,41.18483333333333,142.56633333333335,43.67,3.7,,,,,,,,,,,,,,,40,,False,False,2025-12-11 02:22:24,2025-12-11 02:22:23.600000+00:00,41.185018,142.567074,43.72,3.7
J2025121119121381,2025-12-11 10:12:13.810000+00:00,41.87016666666667,142.78633333333337,60.53,4.0,4.0,,,,,,,,,,,,,,40,,False,False,2025-12-11 10:12:14,,,,,
J2025121202041771,2025-12-11 17:04:17.710000+00:00,41.225,143.09733333333332,23.3,4.0,4.1,,,,,,,,,,,,,,38,,False,False,2025-12-11 17:04:18,2025-12-11 17:04:17.720000+00:00,41.225317,143.097477,23.25,4.0
J2025121203110558,2025-12-11 18:11:05.580000+00:00,41.247166666666665,142.819,28.6,4.5,4.4,,,,,,,,,,,,,,39,,False,False,2025-12-11 18:11:06,2025-12-11 18:11:05.600000+00:00,41.248303,142.81901,28.57,4.5
J2025121206395215,2025-12-11 21:39:52.150000+00:00,40.987,143.163,20.99,3.8,,,,,,,,,,,,,,,35,,False,False,2025-12-11 21:39:52,2025-12-11 21:39:52.160000+00:00,40.986369,143.162126,20.77,3.8
J2025121207091989,2025-12-11 22:09:19.890000+00:00,40.999833333333335,143.16733333333335,15.66,5.0,5.1,,,,,,,,,,,,,,28,,False,False,2025-12-11 22:09:20,2025-12-11 22:09:19.880000+00:00,41.001294,143.167415,16.05,5.0
J2025121208542149,2025-12-11 23:54:21.490000+00:00,40.933,143.03866666666667,19.97,3.8,,,,,,,,,,,,,,,18,,False,False,2025-12-11 23:54:21,2025-12-11 23:54:21.480000+00:00,40.93315,143.038151,19.91,3.8
J2025121208563359,2025-12-11 23:56:33.590000+00:00,42.3405,144.49,449.0,3.6,,,,,,,,,,,,,,,38,,False,False,2025-12-11 23:56:34,2025-12-11 23:56:33.600000+00:00,42.340759,144.491097,4.46,3.6
J2025121211441342,2025-12-12 02:44:13.420000+00:00,40.9,142.965,16.61,6.9,6.8,,,,,,,,,,,,,,37,,False,False,2025-12-12 02:44:13,2025-12-12 02:44:13.420000+00:00,40.899943,142.964372,16.47,6.9
J2025121211464936,2025-12-12 02:46:49.360000+00:00,40.895833333333336,142.95766666666665,21.98,4.3,,,,,,,,,,,,,,,16,,False,False,2025-12-12 02:46:49,2025-12-12 02:46:49.340000+00:00,40.894967,142.957894,21.89,4.3
J2025121211470534,2025-12-12 02:47:05.340000+00:00,40.95183333333333,143.011,19.75,4.4,,,,,,,,,,,,,,,22,,False,False,2025-12-12 02:47:05,2025-12-12 02:47:05.340000+00:00,40.95188,143.010352,19.71,4.4
J2025121211473436,2025-12-12 02:47:34.360000+00:00,40.9725,142.953,20.2,4.3,,,,,,,,,,,,,,,20,,False,False,2025-12-12 02:47:34,2025-12-12 02:47:34.370000+00:00,40.971663,142.952897,20.3,4.3
J2025121211475673,2025-12-12 02:47:56.730000+00:00,40.8925,142.9675,15.91,4.3,,,,,,,,,,,,,,,19,,False,False,2025-12-12 02:47:57,2025-12-12 02:47:56.720000+00:00,40.891341,142.968441,16.15,4.3
J2025121211485618,2025-12-12 02:48:56.180000+00:00,40.98366666666666,142.99883333333332,18.31,4.1,,,,,,,,,,,,,,,29,,False,False,2025-12-12 02:48:56,2025-12-12 02:48:56.200000+00:00,40.984493,143.000439,18.25,4.1
J2025121211493371,2025-12-12 02:49:33.710000+00:00,40.907,143.03083333333333,13.69,3.7,,,,,,,,,,,,,,,16,,False,False,2025-12-12 02:49:34,2025-12-12 02:49:33.710000+00:00,40.90638,143.031657,13.79,3.7
J2025121211505272,2025-12-12 02:50:52.720000+00:00,40.88433333333333,143.0295,13.91,3.6,,,,,,,,,,,,,,,23,,False,False,2025-12-12 02:50:53,2025-12-12 02:50:52.740000+00:00,40.8837,143.028825,13.25,3.6
J2025121211510829,2025-12-12 02:51:08.290000+00:00,40.91933333333333,143.05833333333334,11.96,3.8,,,,,,,,,,,,,,,20,,False,False,2025-12-12 02:51:08,2025-12-12 02:51:08.280000+00:00,40.918404,143.058691,12.17,3.8
J2025121211524296,2025-12-12 02:52:42.960000+00:00,40.91566666666667,143.054,16.81,3.6,,,,,,,,,,,,,,,28,,False,False,2025-12-12 02:52:43,2025-12-12 02:52:42.950000+00:00,40.914502,143.054248,16.87,3.6
J2025121211590303,2025-12-12 02:59:03.030000+00:00,40.9295,143.013,20.19,3.7,,,,,,,,,,,,,,,11,,False,False,2025-12-12 02:59:03,2025-12-12 02:59:03.030000+00:00,40.929712,143.012305,19.98,3.7
J2025121212001708,2025-12-12 03:00:17.080000+00:00,40.9565,143.07966666666667,18.06,3.5,,,,,,,,,,,,,,,18,,False,False,2025-12-12 03:00:17,2025-12-12 03:00:17.080000+00:00,40.956323,143.077409,17.76,3.5
J2025121212063434,2025-12-12 03:06:34.340000+00:00,40.92633333333333,142.99433333333334,17.27,4.4,,,,,,,,,,,,,,,33,,False,False,2025-12-12 03:06:34,2025-12-12 03:06:34.340000+00:00,40.925842,142.994694,17.28,4.4
J2025121212120318,2025-12-12 03:12:03.180000+00:00,40.828833333333336,143.0195,11.66,3.5,,,,,,,,,,,,,,,30,,False,False,2025-12-12 03:12:03,2025-12-12 03:12:03.180000+00:00,40.828805,143.019564,12.05,3.5
J2025121212140993,2025-12-12 03:14:09.930000+00:00,40.904833333333336,143.01,13.62,3.6,,,,,,,,,,,,,,,28,,False,False,2025-12-12 03:14:10,2025-12-12 03:14:09.930000+00:00,40.905204,143.008675,13.47,3.6
J2025121212145056,2025-12-12 03:14:50.560000+00:00,40.9125,143.02783333333332,15.34,4.0,,,,,,,,,,,,,,,26,,False,False,2025-12-12 03:14:51,2025-12-12 03:14:50.550000+00:00,40.913749,143.026286,15.47,4.0
J2025121212213907,2025-12-12 03:21:39.070000+00:00,40.98983333333334,143.0025,16.94,5.7,5.5,,,,,,,,,,,,,,32,,False,False,2025-12-12 03:21:39,2025-12-12 03:21:39.060000+00:00,40.989026,143.002165,17.02,5.7
J2025121212234171,2025-12-12 03:23:41.710000+00:00,40.80083333333333,143.02233333333334,11.0,4.0,,,,,,,,,,,,,,,7,,False,False,2025-12-12 03:23:42,2025-12-12 03:23:41.710000+00:00,40.799662,143.019059,9.19,4.0
J2025121212261145,2025-12-12 03:26:11.450000+00:00,40.99183333333333,142.99866666666668,17.85,4.4,,,,,,,,,,,,,,,34,,False,False,2025-12-12 03:26:11,2025-12-12 03:26:11.450000+00:00,40.992061,142.998991,17.84,4.4
J2025121212340775,2025-12-12 03:34:07.750000+00:00,40.914,142.9845,16.02,3.6,,,,,,,,,,,,,,,31,,False,False,2025-12-12 03:34:08,2025-12-12 03:34:07.740000+00:00,40.913668,142.98418,16.17,3.6
J2025121212345429,2025-12-12 03:34:54.290000+00:00,40.964666666666666,143.08733333333333,16.15,3.7,,,,,,,,,,,,,,,20,,False,False,2025-12-12 03:34:54,2025-12-12 03:34:54.300000+00:00,40.96495,143.087142,16.0,3.7
J2025121212391990,2025-12-12 03:39:19.900000+00:00,40.96783333333333,142.96766666666667,18.24,3.5,,,,,,,,,,,,,,,19,,False,False,2025-12-12 03:39:20,2025-12-12 03:39:19.890000+00:00,40.96897,142.967627,18.23,3.5
J2025121212542367,2025-12-12 03:54:23.670000+00:00,40.937666666666665,142.99533333333332,17.63,3.5,,,,,,,,,,,,,,,31,,False,False,2025-12-12 03:54:24,2025-12-12 03:54:23.680000+00:00,40.938338,142.995329,17.71,3.5
J2025121213582278,2025-12-12 04:58:22.780000+00:00,40.970666666666666,142.95966666666666,19.27,4.4,4.4,,,,,,,,,,,,,,33,,False,False,2025-12-12 04:58:23,2025-12-12 04:58:22.770000+00:00,40.970935,142.959456,19.35,4.4
J2025121214220005,2025-12-12 05:22:00.050000+00:00,41.16133333333333,142.58783333333332,41.23,3.6,,,,,,,,,,,,,,,40,,False,False,2025-12-12 05:22:00,2025-12-12 05:22:00.050000+00:00,41.1618,142.588965,41.12,3.6
J2025121214253919,2025-12-12 05:25:39.190000+00:00,40.86866666666667,142.93166666666667,16.02,3.8,,,,,,,,,,,,,,,34,,False,False,2025-12-12 05:25:39,2025-12-12 05:25:39.190000+00:00,40.8684,142.932487,15.84,3.8
J2025121214550202,2025-12-12 05:55:02.020000+00:00,40.936,142.93383333333333,20.17,3.7,,,,,,,,,,,,,,,40,,False,False,2025-12-12 05:55:02,2025-12-12 05:55:02.020000+00:00,40.935942,142.933773,20.0,3.7
J2025121216050894,2025-12-12 07:05:08.940000+00:00,40.99516666666667,143.05516666666668,17.31,4.2,4.1,,,,,,,,,,,,,,33,,False,False,2025-12-12 07:05:09,2025-12-12 07:05:08.940000+00:00,40.995052,143.055859,17.22,4.2
J2025121216090029,2025-12-12 07:09:00.290000+00:00,40.89483333333333,142.953,15.93,3.5,,,,,,,,,,,,,,,37,,False,False,2025-12-12 07:09:00,2025-12-12 07:09:00.290000+00:00,40.89484,142.952767,15.88,3.5
J2025121216554150,2025-12-12 07:55:41.500000+00:00,41.17816666666667,142.53766666666667,44.73,4.1,4.3,109.0,25.0,282.0,65.0,18.0,3.0,205.0,20.0,98.0,17.0,70.0,87.0,92.0,40,118.0,True,True,2025-12-12 07:55:42,2025-12-12 07:55:41.500000+00:00,41.178528,142.540088,44.69,4.1
J2025121217373499,2025-12-12 08:37:34.990000+00:00,40.94283333333333,143.038,17.47,3.5,,,,,,,,,,,,,,,32,,False,False,2025-12-12 08:37:35,2025-12-12 08:37:34.980000+00:00,40.943433,143.038493,17.43,3.5
J2025121218424938,2025-12-12 09:42:49.380000+00:00,40.839333333333336,143.01566666666668,18.28,3.6,,,,,,,,,,,,,,,32,,False,False,2025-12-12 09:42:49,2025-12-12 09:42:49.390000+00:00,40.838851,143.016325,18.06,3.6
J2025121219143313,2025-12-12 10:14:33.130000+00:00,40.972,143.0035,18.89,4.1,,,,,,,,,,,,,,,35,,False,False,2025-12-12 10:14:33,2025-12-12 10:14:33.110000+00:00,40.971981,143.003337,18.97,4.1
J2025121219235649,2025-12-12 10:23:56.490000+00:00,40.90466666666666,142.96416666666667,17.7,3.8,,,,,,,,,,,,,,,33,,False,False,2025-12-12 10:23:56,2025-12-12 10:23:56.470000+00:00,40.904403,142.964307,17.43,3.8
J2025121220455032,2025-12-12 11:45:50.320000+00:00,40.9675,142.95633333333333,19.99,3.5,,,,,,,,,,,,,,,33,,False,False,2025-12-12 11:45:50,2025-12-12 11:45:50.320000+00:00,40.967265,142.955892,19.95,3.5
J2025121221242487,2025-12-12 12:24:24.870000+00:00,40.97516666666667,143.129,21.43,3.8,,,,,,,,,,,,,,,30,,False,False,2025-12-12 12:24:25,2025-12-12 12:24:24.880000+00:00,40.976949,143.127327,21.38,3.8
J2025121222201040,2025-12-12 13:20:10.400000+00:00,40.894666666666666,142.995,15.25,3.5,,,,,,,,,,,,,,,34,,False,False,2025-12-12 13:20:10,2025-12-12 13:20:10.410000+00:00,40.894336,142.995133,15.14,3.5
J2025121223092571,2025-12-12 14:09:25.710000+00:00,40.9925,142.96816666666666,18.51,4.5,,,,,,,,,,,,,,,25,,False,False,2025-12-12 14:09:26,2025-12-12 14:09:25.710000+00:00,40.993245,142.967887,18.6,4.5
J2025121223093913,2025-12-12 14:09:39.130000+00:00,40.92533333333333,142.91233333333332,19.6,4.0,,,,,,,,,,,,,,,18,,False,False,2025-12-12 14:09:39,2025-12-12 14:09:39.130000+00:00,40.926115,142.912581,19.68,4.0
J2025121301185400,2025-12-12 16:18:54+00:00,40.909666666666666,142.11816666666667,54.67,3.5,,112.0,25.0,299.0,65.0,203.0,3.0,196.0,20.0,82.0,24.0,70.0,93.0,98.0,34,81.0,True,True,,,,,,
J2025121302035358,2025-12-12 17:03:53.580000+00:00,40.927,142.9405,19.83,3.5,,,,,,,,,,,,,,,40,,False,False,2025-12-12 17:03:54,2025-12-12 17:03:53.600000+00:00,40.927478,142.940804,19.7,3.5
J2025121306163732,2025-12-12 21:16:37.320000+00:00,40.915,143.00883333333334,15.54,3.5,,,,,,,,,,,,,,,33,,False,False,2025-12-12 21:16:37,2025-12-12 21:16:37.320000+00:00,40.914974,143.009961,15.73,3.5
J2025121307363627,2025-12-12 22:36:36.270000+00:00,40.92233333333333,143.04616666666666,17.37,3.5,,,,,,,,,,,,,,,29,,False,False,2025-12-12 22:36:36,2025-12-12 22:36:36.280000+00:00,40.922042,143.046631,17.48,3.5
J2025121308414069,2025-12-12 23:41:40.690000+00:00,41.2065,142.62683333333334,41.28,3.8,,,,,,,,,,,,,,,40,,False,False,2025-12-12 23:41:41,2025-12-12 23:41:40.700000+00:00,41.206051,142.627132,41.17,3.8
J2025121314080116,2025-12-13 05:08:01.160000+00:00,41.19533333333333,143.20616666666666,20.67,3.5,,,,,,,,,,,,,,,35,,False,False,2025-12-13 05:08:01,2025-12-13 05:08:01.170000+00:00,41.194751,143.204801,20.63,3.5
J2025121314594183,2025-12-13 05:59:41.830000+00:00,40.98333333333333,142.3225,48.97,4.0,4.3,112.0,27.0,284.0,63.0,20.0,3.0,210.0,18.0,100.0,19.0,72.0,87.0,99.0,33,126.0,True,True,2025-12-13 05:59:42,2025-12-13 05:59:41.830000+00:00,40.982711,142.322054,49.07,4.0
J2025121317450205,2025-12-13 08:45:02.050000+00:00,40.8925,142.94083333333333,16.71,3.6,,,,,,,,,,,,,,,34,,False,False,2025-12-13 08:45:02,2025-12-13 08:45:02.050000+00:00,40.892204,142.94126,16.64,3.6
J2025121320151480,2025-12-13 11:15:14.800000+00:00,40.97666666666667,142.97833333333332,19.78,3.6,,,,,,,,,,,,,,,34,,False,False,2025-12-13 11:15:15,2025-12-13 11:15:14.790000+00:00,40.97618,142.978955,19.78,3.6
J2025121417511988,2025-12-14 08:51:19.880000+00:00,40.73633333333333,142.15683333333334,55.11,3.7,,103.0,30.0,316.0,55.0,202.0,16.0,154.0,21.0,40.0,26.0,77.0,106.0,98.0,38,91.0,True,True,2025-12-14 08:51:20,2025-12-14 08:51:19.890000+00:00,40.736361,142.157585,54.98,3.7
J2025121422494284,2025-12-14 13:49:42.840000+00:00,41.56333333333333,142.10716666666667,53.2,4.2,4.0,107.0,30.0,295.0,60.0,199.0,3.0,186.0,15.0,77.0,20.0,75.0,94.0,97.0,39,113.0,True,True,2025-12-14 13:49:43,2025-12-14 13:49:42.830000+00:00,41.563892,142.106917,53.2,4.2
J2025121423535605,2025-12-14 14:53:56.050000+00:00,40.90983333333333,142.10516666666666,55.14,3.7,,113.0,25.0,309.0,64.0,206.0,6.0,189.0,21.0,72.0,28.0,70.0,97.0,97.0,38,78.0,True,True,2025-12-14 14:53:56,2025-12-14 14:53:56.050000+00:00,40.91016,142.106234,55.11,3.7
J2025121501482786,2025-12-14 16:48:27.860000+00:00,40.88816666666666,143.0345,16.01,3.8,,,,,,,,,,,,,,,32,,False,False,2025-12-14 16:48:28,2025-12-14 16:48:27.850000+00:00,40.888611,143.035303,16.07,3.8
J2025121503092748,2025-12-14 18:09:27.480000+00:00,41.179,142.71066666666667,37.69,4.4,4.3,,,,,,,,,,,,,,40,,False,False,2025-12-14 18:09:27,2025-12-14 18:09:27.480000+00:00,41.179785,142.711361,37.59,4.4
J2025121503105037,2025-12-14 18:10:50.370000+00:00,41.18516666666667,142.70733333333334,36.41,3.6,,,,,,,,,,,,,,,28,,False,False,2025-12-14 18:10:50,2025-12-14 18:10:50.360000+00:00,41.185579,142.708561,36.33,3.6
J2025121508440596,2025-12-14 23:44:05.960000+00:00,42.9315,145.453,42.95,4.1,,,,,,,,,,,,,,,39,,False,False,2025-12-14 23:44:06,,,,,
J2025121518193468,2025-12-15 09:19:34.680000+00:00,41.27933333333333,142.6275,39.93,3.5,,116.0,27.0,294.0,63.0,26.0,1.0,208.0,18.0,93.0,25.0,72.0,89.0,93.0,37,45.0,True,True,2025-12-15 09:19:35,2025-12-15 09:19:34.670000+00:00,41.278882,142.627799,39.97,3.5
J2025121601145906,2025-12-15 16:14:59.060000+00:00,40.92933333333333,142.94266666666667,18.27,3.5,,,,,,,,,,,,,,,40,,False,False,2025-12-15 16:14:59,2025-12-15 16:14:59.060000+00:00,40.930098,142.942643,18.33,3.5
J2025121606444668,2025-12-15 21:44:46.680000+00:00,40.9365,143.0685,16.21,4.1,4.1,,,,,,,,,,,,,,32,,False,False,2025-12-15 21:44:47,2025-12-15 21:44:46.680000+00:00,40.936279,143.069271,15.99,4.1
J2025121610263152,2025-12-16 01:26:31.520000+00:00,40.909,142.105,55.27,3.8,,113.0,21.0,301.0,69.0,204.0,3.0,198.0,24.0,83.0,25.0,66.0,93.0,94.0,36,88.0,True,True,2025-12-16 01:26:32,2025-12-16 01:26:31.540000+00:00,40.909965,142.105192,55.15,3.8
J2025121611453659,2025-12-16 02:45:36.590000+00:00,38.765166666666666,141.70033333333333,99.6,4.5,4.7,167.0,61.0,36.0,20.0,298.0,20.0,156.0,31.0,-48.0,290.0,68.0,-112.0,98.0,34,286.0,True,True,2025-12-16 02:45:37,,,,,
J2025121614385053,2025-12-16 05:38:50.530000+00:00,40.89333333333333,143.05983333333333,15.34,5.3,5.1,60.0,61.0,265.0,27.0,170.0,11.0,19.0,20.0,-59.0,166.0,73.0,-101.0,97.0,32,151.0,True,True,2025-12-16 05:38:51,2025-12-16 05:38:50.530000+00:00,40.892765,143.058512,15.39,5.3
J2025121707283740,2025-12-16 22:28:37.400000+00:00,40.74283333333333,142.14166666666668,54.55,3.8,,110.0,25.0,299.0,65.0,202.0,3.0,192.0,20.0,80.0,23.0,70.0,94.0,97.0,39,118.0,True,True,2025-12-16 22:28:37,2025-12-16 22:28:37.400000+00:00,40.743209,142.14209,54.65,3.8
J2025121718501744,2025-12-17 09:50:17.440000+00:00,41.253,142.48166666666663,44.98,4.8,4.9,107.0,16.0,284.0,74.0,17.0,1.0,198.0,29.0,92.0,16.0,61.0,89.0,95.0,36,191.0,True,True,2025-12-17 09:50:17,2025-12-17 09:50:17.460000+00:00,41.252051,142.481641,44.9,4.8
J2025121810201459,2025-12-18 01:20:14.590000+00:00,40.97766666666666,143.04033333333334,17.85,3.7,,,,,,,,,,,,,,,32,,False,False,2025-12-18 01:20:15,2025-12-18 01:20:14.590000+00:00,40.977913,143.041146,17.79,3.7
J2025121811404196,2025-12-18 02:40:41.960000+00:00,40.89833333333333,143.22783333333334,20.58,3.9,,,,,,,,,,,,,,,37,,False,False,2025-12-18 02:40:42,2025-12-18 02:40:41.960000+00:00,40.897636,143.227409,20.31,3.9
J2025121815483044,2025-12-18 06:48:30.440000+00:00,38.42166666666667,142.212,29.6,3.6,,,,,,,,,,,,,,,40,,False,False,2025-12-18 06:48:30,,,,,
J2025121913583017,2025-12-19 04:58:30.170000+00:00,40.89566666666666,143.222,20.58,3.7,,,,,,,,,,,,,,,37,,False,False,2025-12-19 04:58:30,2025-12-19 04:58:30.180000+00:00,40.895996,143.222119,20.41,3.7
J2025121917355737,2025-12-19 08:35:57.370000+00:00,40.86516666666667,143.04283333333333,13.49,3.8,,,,,,,,,,,,,,,32,,False,False,2025-12-19 08:35:57,2025-12-19 08:35:57.370000+00:00,40.864254,143.043685,12.81,3.8
J2025121921375093,2025-12-19 12:37:50.930000+00:00,40.84483333333333,142.917,15.43,3.9,,,,,,,,,,,,,,,35,,False,False,2025-12-19 12:37:51,2025-12-19 12:37:50.940000+00:00,40.84519,142.916699,15.13,3.9
J2025122003472322,2025-12-19 18:47:23.220000+00:00,40.894666666666666,142.91116666666667,18.0,3.9,,,,,,,,,,,,,,,40,,False,False,2025-12-19 18:47:23,2025-12-19 18:47:23.220000+00:00,40.895345,142.911572,18.02,3.9
J2025122020250701,2025-12-20 11:25:07.010000+00:00,40.845,142.9145,12.01,3.6,,,,,,,,,,,,,,,26,,False,False,2025-12-20 11:25:07,,,,,
J2025122020251175,2025-12-20 11:25:11.750000+00:00,40.89333333333333,142.98266666666666,14.43,3.8,,,,,,,,,,,,,,,22,,False,False,2025-12-20 11:25:12,2025-12-20 11:25:11.730000+00:00,40.89259,142.982096,14.67,3.8
J2025122110290170,2025-12-21 01:29:01.700000+00:00,40.72433333333333,142.25366666666667,51.4,5.6,5.4,104.0,22.0,292.0,68.0,195.0,3.0,189.0,23.0,83.0,16.0,67.0,93.0,93.0,40,235.0,True,True,2025-12-21 01:29:02,2025-12-21 01:29:01.700000+00:00,40.724548,142.255469,51.31,5.6
J2025122204323590,2025-12-21 19:32:35.900000+00:00,41.165333333333336,143.256,17.25,3.8,,,,,,,,,,,,,,,30,,False,False,2025-12-21 19:32:36,2025-12-21 19:32:35.900000+00:00,41.164958,143.256999,17.14,3.8
J2025122208330138,2025-12-21 23:33:01.380000+00:00,39.6335,142.1055,48.63,4.2,4.2,112.0,29.0,302.0,61.0,204.0,4.0,190.0,17.0,75.0,26.0,74.0,94.0,98.0,40,138.0,True,True,2025-12-21 23:33:01,2025-12-21 23:33:01.380000+00:00,39.634074,142.107406,48.58,4.2
J2025122212220181,2025-12-22 03:22:01.810000+00:00,40.829,142.97483333333332,10.38,3.7,,,,,,,,,,,,,,,32,,False,False,2025-12-22 03:22:02,2025-12-22 03:22:01.810000+00:00,40.829321,142.974577,11.4,3.7
J2025122305034928,2025-12-22 20:03:49.280000+00:00,42.325833333333335,143.016,52.27,3.9,,130.0,14.0,262.0,70.0,36.0,14.0,239.0,34.0,116.0,28.0,60.0,74.0,98.0,31,106.0,True,True,2025-12-22 20:03:49,2025-12-22 20:03:49.280000+00:00,42.325041,143.013818,52.25,3.9
J2025122409181845,2025-12-24 00:18:18.450000+00:00,41.17966666666667,142.6355,40.12,3.6,,,,,,,,,,,,,,,38,,False,False,2025-12-24 00:18:18,2025-12-24 00:18:18.450000+00:00,41.17926,142.63374,40.2,3.6
J2025122413043054,2025-12-24 04:04:30.540000+00:00,41.1635,142.78533333333334,31.29,3.7,,,,,,,,,,,,,,,37,,False,False,2025-12-24 04:04:31,2025-12-24 04:04:30.540000+00:00,41.163338,142.785026,31.21,3.7
J2025122601174030,2025-12-25 16:17:40.300000+00:00,41.1675,142.58283333333333,42.41,5.8,5.7,102.0,15.0,293.0,75.0,193.0,3.0,188.0,30.0,85.0,14.0,60.0,93.0,93.0,40,191.0,True,True,2025-12-25 16:17:40,2025-12-25 16:17:40.300000+00:00,41.16674,142.584131,42.45,5.8
J2025122601194948,2025-12-25 16:19:49.480000+00:00,41.1875,142.56933333333333,41.32,4.3,,,,,,,,,,,,,,,29,,False,False,2025-12-25 16:19:49,2025-12-25 16:19:49.470000+00:00,41.188826,142.57041,41.41,4.3
J2025122601254913,2025-12-25 16:25:49.130000+00:00,41.18516666666667,142.59683333333334,42.58,4.5,4.4,123.0,25.0,322.0,64.0,216.0,7.0,197.0,21.0,69.0,39.0,70.0,98.0,95.0,40,74.0,True,True,2025-12-25 16:25:49,2025-12-25 16:25:49.130000+00:00,41.18575,142.598128,42.39,4.5
J2025122709333988,2025-12-27 00:33:39.880000+00:00,42.696333333333335,144.565,55.0,3.6,,,,,,,,,,,,,,,38,,False,False,2025-12-27 00:33:40,,,,,
J2025122712551814,2025-12-27 03:55:18.140000+00:00,42.906333333333336,145.5055,39.54,4.2,4.3,106.0,24.0,267.0,65.0,13.0,7.0,211.0,22.0,110.0,10.0,69.0,82.0,90.0,40,84.0,True,True,2025-12-27 03:55:18,,,,,
J2025123007525581,2025-12-29 22:52:55.810000+00:00,40.88133333333333,142.51933333333332,39.54,3.5,,,,,,,,,,,,,,,40,,False,False,2025-12-29 22:52:56,2025-12-29 22:52:55.800000+00:00,40.881266,142.520443,39.55,3.5
J2025123108513581,2025-12-30 23:51:35.810000+00:00,39.45466666666667,142.58783333333332,30.55,4.6,4.6,,,,,,,,,,,,,,40,,False,False,2025-12-30 23:51:36,2025-12-30 23:51:35.820000+00:00,39.453748,142.585514,30.53,4.6
J2025123123500184,2025-12-31 14:50:01.840000+00:00,39.63883333333333,142.10583333333332,48.37,3.8,3.8,111.0,30.0,305.0,59.0,205.0,6.0,182.0,16.0,67.0,26.0,75.0,96.0,98.0,40,120.0,True,True,2025-12-31 14:50:02,2025-12-31 14:50:01.830000+00:00,39.63903,142.105664,48.47,3.8
J2026010101302196,2025-12-31 16:30:21.960000+00:00,40.9095,143.05566666666667,22.8,4.8,4.8,92.0,9.0,296.0,80.0,183.0,4.0,177.0,36.0,83.0,6.0,54.0,95.0,92.0,35,153.0,True,True,2025-12-31 16:30:22,2025-12-31 16:30:21.940000+00:00,40.910063,143.056104,23.1,4.8
J2026010111224699,2026-01-01 02:22:46.990000+00:00,41.04216666666667,142.4755,43.71,3.8,,,,,,,,,,,,,,,40,,False,False,2026-01-01 02:22:47,2026-01-01 02:22:46.990000+00:00,41.042053,142.475195,43.81,3.8
J2026010202522860,2026-01-01 17:52:28.600000+00:00,38.70966666666666,142.26516666666666,40.87,3.5,3.7,,,,,,,,,,,,,,40,,False,False,2026-01-01 17:52:29,2026-01-01 17:52:28.600000+00:00,38.711007,142.26556,41.08,3.5
J2026010214105108,2026-01-02 05:10:51.080000+00:00,40.87166666666667,142.89816666666667,21.26,3.7,,,,,,,,,,,,,,,35,,False,False,2026-01-02 05:10:51,2026-01-02 05:10:51.100000+00:00,40.872384,142.899512,20.7,3.7
J2026010421430477,2026-01-04 12:43:04.770000+00:00,40.99666666666667,142.79433333333333,30.86,4.1,4.0,92.0,22.0,304.0,65.0,187.0,12.0,161.0,26.0,61.0,12.0,68.0,103.0,94.0,38,101.0,True,True,2026-01-04 12:43:05,2026-01-04 12:43:04.770000+00:00,40.996932,142.794596,30.84,4.1
J2026010612340433,2026-01-06 03:34:04.330000+00:00,40.36666666666667,142.21266666666668,45.73,4.0,4.2,109.0,29.0,303.0,60.0,202.0,6.0,182.0,17.0,69.0,24.0,74.0,96.0,92.0,39,135.0,True,True,2026-01-06 03:34:04,2026-01-06 03:34:04.340000+00:00,40.366239,142.212793,45.73,4.0
J2026010612403987,2026-01-06 03:40:39.870000+00:00,40.365833333333335,142.20783333333333,45.86,3.7,,109.0,18.0,305.0,71.0,201.0,5.0,191.0,27.0,79.0,23.0,63.0,95.0,94.0,40,84.0,True,True,2026-01-06 03:40:40,2026-01-06 03:40:39.870000+00:00,40.365942,142.208398,45.85,3.7
J2026010703044429,2026-01-06 18:04:44.290000+00:00,41.45916666666667,142.1375,52.93,4.7,4.9,112.0,29.0,292.0,61.0,22.0,0.0,202.0,16.0,90.0,22.0,74.0,90.0,96.0,40,179.0,True,True,2026-01-06 18:04:44,2026-01-06 18:04:44.280000+00:00,41.459627,142.138021,53.08,4.7
J2026010703564097,2026-01-06 18:56:40.970000+00:00,38.91716666666667,141.93766666666667,50.82,3.7,3.8,109.0,15.0,262.0,73.0,17.0,7.0,210.0,31.0,105.0,13.0,61.0,82.0,98.0,39,113.0,True,True,2026-01-06 18:56:41,2026-01-06 18:56:40.960000+00:00,38.917505,141.936995,50.83,3.7
J2026010706161338,2026-01-06 21:16:13.380000+00:00,38.2005,141.838,61.49,3.9,,262.0,5.0,155.0,72.0,354.0,17.0,334.0,43.0,64.0,187.0,53.0,112.0,98.0,39,161.0,True,True,2026-01-06 21:16:13,,,,,
J2026010713350481,2026-01-07 04:35:04.810000+00:00,42.34883333333333,142.98083333333332,52.81,3.9,,147.0,5.0,258.0,76.0,56.0,13.0,251.0,42.0,110.0,45.0,51.0,73.0,96.0,40,103.0,True,True,2026-01-07 04:35:05,,,,,
J2026010801072375,2026-01-07 16:07:23.750000+00:00,38.6545,141.89083333333335,57.32,3.2,,282.0,25.0,29.0,33.0,162.0,47.0,63.0,47.0,173.0,157.0,85.0,43.0,90.0,40,104.0,True,True,2026-01-07 16:07:24,2026-01-07 16:07:23.750000+00:00,38.654106,141.890771,57.27,3.2
J2026010813014735,2026-01-08 04:01:47.350000+00:00,42.85166666666667,143.2745,86.0,4.0,3.8,269.0,3.0,3.0,50.0,176.0,40.0,33.0,55.0,142.0,147.0,60.0,42.0,98.0,40,127.0,True,True,2026-01-08 04:01:47,,,,,
J2026010817275957,2026-01-08 08:27:59.570000+00:00,41.38316666666667,142.67883333333333,36.9,3.8,,,,,,,,,,,,,,,39,,False,False,2026-01-08 08:28:00,2026-01-08 08:27:59.570000+00:00,41.383101,142.679492,36.88,3.8
J2026010914592381,2026-01-09 05:59:23.810000+00:00,40.369,142.2,45.54,3.8,,122.0,29.0,318.0,60.0,216.0,7.0,193.0,17.0,66.0,38.0,74.0,97.0,95.0,38,97.0,True,True,2026-01-09 05:59:24,2026-01-09 05:59:23.810000+00:00,40.369287,142.20013,45.6,3.8
J2026010918515380,2026-01-09 09:51:53.800000+00:00,40.259166666666665,140.84433333333334,714.0,3.2,,,,,,,,,,,,,,,20,,False,False,2026-01-09 09:51:54,,,,,
J2026010918565333,2026-01-09 09:56:53.330000+00:00,40.26,140.842,726.0,4.3,4.1,94.0,11.0,249.0,78.0,3.0,5.0,190.0,34.0,99.0,0.0,56.0,84.0,94.0,20,126.0,True,True,2026-01-09 09:56:53,,,,,
J2026010919255106,2026-01-09 10:25:51.060000+00:00,38.865,142.03883333333334,45.94,3.4,,,,,,,,,,,,,,,39,,False,False,2026-01-09 10:25:51,2026-01-09 10:25:51.070000+00:00,38.865369,142.041081,45.92,3.4
J2026010920241177,2026-01-09 11:24:11.770000+00:00,40.26283333333333,140.84366666666668,754.0,4.2,4.1,89.0,11.0,186.0,30.0,341.0,58.0,223.0,61.0,166.0,321.0,77.0,30.0,96.0,20,144.0,True,True,2026-01-09 11:24:12,,,,,
J2026010920350852,2026-01-09 11:35:08.520000+00:00,40.264,140.84466666666663,672.0,3.8,,259.0,14.0,56.0,75.0,168.0,6.0,357.0,31.0,101.0,164.0,59.0,83.0,93.0,20,116.0,True,True,2026-01-09 11:35:09,,,,,
J2026011003115989,2026-01-09 18:11:59.890000+00:00,39.90983333333333,142.54166666666666,36.31,3.9,,,,,,,,,,,,,,,39,,False,False,2026-01-09 18:12:00,2026-01-09 18:11:59.880000+00:00,39.90922,142.542578,36.31,3.9
J2026011012270797,2026-01-10 03:27:07.970000+00:00,40.61383333333333,142.46366666666663,50.4,3.6,,,,,,,,,,,,,,,40,,False,False,2026-01-10 03:27:08,2026-01-10 03:27:07.970000+00:00,40.613997,142.464079,50.44,3.6
J2026011109480177,2026-01-11 00:48:01.770000+00:00,42.25066666666667,144.211,54.2,3.8,4.0,284.0,13.0,28.0,45.0,182.0,42.0,55.0,49.0,153.0,163.0,70.0,45.0,95.0,40,110.0,True,True,2026-01-11 00:48:02,,,,,
J2026011113153528,2026-01-11 04:15:35.280000+00:00,39.55616666666667,141.89583333333334,63.21,5.1,4.9,298.0,38.0,58.0,33.0,175.0,35.0,91.0,35.0,-175.0,357.0,87.0,-55.0,96.0,40,238.0,True,True,2026-01-11 04:15:35,2026-01-11 04:15:35.290000+00:00,39.556535,141.894971,63.14,5.1
J2026011212144274,2026-01-12 03:14:42.740000+00:00,38.28116666666666,141.79916666666668,56.39,4.0,,289.0,12.0,24.0,21.0,171.0,65.0,65.0,66.0,173.0,158.0,84.0,24.0,100.0,37,142.0,True,True,2026-01-12 03:14:43,,,,,
J2026011300024324,2026-01-12 15:02:43.240000+00:00,38.31166666666667,141.92183333333332,45.11,3.7,4.1,105.0,23.0,295.0,67.0,197.0,4.0,188.0,22.0,81.0,18.0,68.0,94.0,99.0,40,124.0,True,True,2026-01-12 15:02:43,,,,,
J2026011507131710,2026-01-14 22:13:17.100000+00:00,42.716,145.38383333333334,31.17,5.6,5.6,,,,,,,,,,,,,,39,,False,False,2026-01-14 22:13:17,,,,,
J2026011602580700,2026-01-15 17:58:07+00:00,42.937333333333335,145.47,44.09,4.1,3.8,,,,,,,,,,,,,,40,,False,False,,,,,,
J2026011620151359,2026-01-16 11:15:13.590000+00:00,39.83616666666666,142.21966666666663,84.78,3.8,,96.0,67.0,359.0,3.0,268.0,23.0,111.0,47.0,-58.0,249.0,52.0,-119.0,98.0,39,243.0,True,True,2026-01-16 11:15:14,,,,,
J2026011704341473,2026-01-16 19:34:14.730000+00:00,41.2625,142.7325,35.43,5.4,5.3,,,,,,,,,,,,,,38,,False,False,2026-01-16 19:34:15,2026-01-16 19:34:14.720000+00:00,41.262244,142.732194,35.44,5.4
J2026011704364386,2026-01-16 19:36:43.860000+00:00,40.87616666666667,143.01466666666667,15.64,4.7,4.7,,,,,,,,,,,,,,35,,False,False,2026-01-16 19:36:44,2026-01-16 19:36:43.860000+00:00,40.875993,143.014046,15.86,4.7
J2026011807425875,2026-01-17 22:42:58.750000+00:00,40.8845,142.92666666666668,17.11,3.6,,,,,,,,,,,,,,,38,,False,False,2026-01-17 22:42:59,2026-01-17 22:42:58.760000+00:00,40.885608,142.926172,17.18,3.6
J2026011902365805,2026-01-18 17:36:58.050000+00:00,40.91,142.1135,55.62,3.5,,,,,,,,,,,,,,,38,,False,False,2026-01-18 17:36:58,2026-01-18 17:36:58.040000+00:00,40.910291,142.114697,55.57,3.5
J2026011921290375,2026-01-19 12:29:03.750000+00:00,40.79983333333333,142.52666666666667,63.34,3.9,,82.0,7.0,338.0,63.0,175.0,26.0,145.0,44.0,51.0,14.0,57.0,121.0,99.0,32,130.0,True,True,2026-01-19 12:29:04,,,,,
J2026012102514124,2026-01-20 17:51:41.240000+00:00,41.489,142.0205,58.06,5.3,5.4,116.0,28.0,298.0,62.0,206.0,1.0,204.0,17.0,87.0,27.0,73.0,91.0,99.0,40,116.0,True,True,2026-01-20 17:51:41,2026-01-20 17:51:41.240000+00:00,41.490401,142.021159,58.03,5.3
J2026012223312964,2026-01-22 14:31:29.640000+00:00,41.04416666666667,142.51533333333333,45.56,5.5,5.3,27.0,63.0,174.0,23.0,270.0,13.0,239.0,25.0,-123.0,95.0,69.0,-76.0,89.0,40,179.0,True,True,2026-01-22 14:31:30,2026-01-22 14:31:29.660000+00:00,41.043888,142.51499,45.32,5.5
J2026012309201072,2026-01-23 00:20:10.720000+00:00,39.452333333333335,142.59466666666663,29.04,3.6,,35.0,33.0,165.0,45.0,286.0,27.0,180.0,28.0,166.0,282.0,83.0,63.0,97.0,40,88.0,True,True,2026-01-23 00:20:11,2026-01-23 00:20:10.730000+00:00,39.452421,142.595215,29.03,3.6
J2026012310065418,2026-01-23 01:06:54.180000+00:00,42.44416666666667,143.18,47.98,4.0,4.0,118.0,8.0,224.0,63.0,24.0,26.0,235.0,43.0,129.0,7.0,58.0,59.0,95.0,40,116.0,True,True,2026-01-23 01:06:54,,,,,
J2026012313091638,2026-01-23 04:09:16.380000+00:00,40.878,143.216,16.15,3.7,,,,,,,,,,,,,,,37,,False,False,2026-01-23 04:09:16,2026-01-23 04:09:16.380000+00:00,40.878422,143.216325,15.94,3.7
J2026012418000193,2026-01-24 09:00:01.930000+00:00,38.364,141.984,84.64,4.0,4.3,198.0,83.0,306.0,2.0,36.0,7.0,29.0,43.0,-100.0,222.0,47.0,-81.0,95.0,40,228.0,True,True,2026-01-24 09:00:02,,,,,
J2026012420524447,2026-01-24 11:52:44.470000+00:00,38.4495,141.82,53.97,3.7,,,,,,,,,,,,,,,40,,False,False,2026-01-24 11:52:44,,,,,
J2026012609202260,2026-01-26 00:20:22.600000+00:00,39.680166666666665,142.12683333333334,47.87,4.1,4.1,100.0,27.0,294.0,62.0,193.0,6.0,175.0,19.0,72.0,15.0,72.0,96.0,98.0,37,143.0,True,True,2026-01-26 00:20:23,2026-01-26 00:20:22.600000+00:00,39.681099,142.128288,47.91,4.1
J2026012803520650,2026-01-27 18:52:06.500000+00:00,40.909666666666666,143.32916666666668,23.47,3.6,,,,,,,,,,,,,,,35,,False,False,2026-01-27 18:52:06,2026-01-27 18:52:06.500000+00:00,40.910177,143.329557,23.39,3.6
J2026012903295067,2026-01-28 18:29:50.670000+00:00,38.315333333333335,142.1455,38.34,3.9,3.7,87.0,17.0,254.0,73.0,356.0,4.0,183.0,28.0,98.0,354.0,62.0,86.0,90.0,40,83.0,True,True,2026-01-28 18:29:51,,,,,
J2026012914220323,2026-01-29 05:22:03.230000+00:00,42.31216666666667,142.73066666666668,35.48,3.2,,,,,,,,,,,,,,,39,,False,False,2026-01-29 05:22:03,,,,,
J2026012923131625,2026-01-29 14:13:16.250000+00:00,41.991,142.53366666666668,65.84,4.1,4.2,123.0,18.0,262.0,67.0,28.0,14.0,234.0,30.0,119.0,21.0,64.0,74.0,94.0,39,109.0,True,True,2026-01-29 14:13:16,,,,,
J2026013110185287,2026-01-31 01:18:52.870000+00:00,39.75866666666667,141.84616666666668,57.47,3.3,,98.0,21.0,320.0,63.0,195.0,16.0,161.0,28.0,53.0,21.0,68.0,108.0,98.0,39,124.0,True,True,2026-01-31 01:18:53,2026-01-31 01:18:52.880000+00:00,39.759045,141.846322,57.45,3.3
J2026020118385591,2026-02-01 09:38:55.910000+00:00,40.674,142.15933333333334,53.51,3.6,,103.0,26.0,320.0,59.0,201.0,16.0,161.0,24.0,47.0,26.0,73.0,107.0,98.0,40,87.0,True,True,2026-02-01 09:38:56,,,,,
J2026020511050602,2026-02-05 02:05:06.020000+00:00,38.176833333333335,141.70783333333333,51.34,3.5,,105.0,22.0,298.0,67.0,197.0,5.0,186.0,23.0,78.0,19.0,67.0,95.0,100.0,39,96.0,True,True,2026-02-05 02:05:06,,,,,
J2026020511112083,2026-02-05 02:11:20.830000+00:00,42.053,142.48866666666666,68.04,3.8,3.9,,,,,,,,,,,,,,39,,False,False,2026-02-05 02:11:21,,,,,
J2026020715170682,2026-02-07 06:17:06.820000+00:00,40.90916666666666,142.10783333333333,55.55,3.7,,,,,,,,,,,,,,,40,,False,False,2026-02-07 06:17:07,2026-02-07 06:17:06.820000+00:00,40.9092,142.107878,55.47,3.7
J2026020814302403,2026-02-08 05:30:24.030000+00:00,40.719,142.38766666666666,72.4,3.6,,102.0,35.0,206.0,19.0,319.0,49.0,249.0,51.0,-167.0,151.0,80.0,-40.0,99.0,40,130.0,True,True,2026-02-08 05:30:24,,,,,
J2026020906451544,2026-02-08 21:45:15.440000+00:00,42.3585,143.11416666666668,51.1,4.0,4.1,132.0,21.0,260.0,58.0,33.0,23.0,257.0,31.0,138.0,24.0,70.0,65.0,96.0,40,92.0,True,True,2026-02-08 21:45:15,,,,,
J2026021202282533,2026-02-11 17:28:25.330000+00:00,41.49066666666667,142.04733333333334,56.14,4.3,4.4,110.0,26.0,299.0,64.0,202.0,4.0,192.0,19.0,79.0,23.0,71.0,94.0,99.0,40,154.0,True,True,2026-02-11 17:28:25,2026-02-11 17:28:25.320000+00:00,41.490853,142.046777,56.15,4.3
J2026021305494205,2026-02-12 20:49:42.050000+00:00,40.83266666666667,143.09766666666667,0.0,4.5,4.4,,,,,,,,,,,,,,30,,False,False,2026-02-12 20:49:42,2026-02-12 20:49:42.040000+00:00,40.832857,143.09764,1.04,4.5
J2026021516193907,2026-02-15 07:19:39.070000+00:00,41.59866666666667,141.8673333333333,32.56,3.8,4.0,83.0,40.0,250.0,49.0,348.0,6.0,222.0,8.0,145.0,347.0,85.0,83.0,90.0,40,70.0,True,True,2026-02-15 07:19:39,2026-02-15 07:19:39.060000+00:00,41.599028,141.867611,32.59,3.8
J2026021605271671,2026-02-15 20:27:16.710000+00:00,40.83233333333333,143.097,0.0,3.5,,,,,,,,,,,,,,,30,,False,False,2026-02-15 20:27:17,2026-02-15 20:27:16.680000+00:00,40.832214,143.096094,0.93,3.5
J2026021613595481,2026-02-16 04:59:54.810000+00:00,40.1325,142.48133333333334,38.16,4.4,4.5,109.0,24.0,308.0,65.0,202.0,7.0,184.0,22.0,70.0,25.0,69.0,98.0,96.0,40,131.0,True,True,2026-02-16 04:59:55,2026-02-16 04:59:54.810000+00:00,40.132979,142.480908,38.15,4.4
J2026021702525369,2026-02-16 17:52:53.690000+00:00,40.802,142.62866666666667,42.62,4.0,4.1,90.0,27.0,274.0,63.0,181.0,2.0,176.0,18.0,85.0,1.0,72.0,92.0,96.0,40,126.0,True,True,2026-02-16 17:52:54,2026-02-16 17:52:53.680000+00:00,40.801839,142.628597,42.46,4.0
J2026021711301216,2026-02-17 02:30:12.160000+00:00,40.89966666666667,140.15766666666667,16180.0,4.1,4.0,,,,,,,,,,,,,,40,,False,False,2026-02-17 02:30:12,,,,,
J2026021712050228,2026-02-17 03:05:02.280000+00:00,42.0315,142.572,63.98,3.4,,,,,,,,,,,,,,,40,,False,False,2026-02-17 03:05:02,,,,,
J2026021717040867,2026-02-17 08:04:08.670000+00:00,40.8965,143.30333333333334,16.37,4.2,4.1,,,,,,,,,,,,,,34,,False,False,2026-02-17 08:04:09,2026-02-17 08:04:08.670000+00:00,40.896781,143.303857,16.42,4.2
J2026022014003870,2026-02-20 05:00:38.700000+00:00,41.93966666666667,142.43783333333334,63.29,3.4,,125.0,18.0,302.0,72.0,35.0,1.0,216.0,27.0,92.0,34.0,63.0,89.0,100.0,40,80.0,True,True,2026-02-20 05:00:39,,,,,
J2026022023163059,2026-02-20 14:16:30.590000+00:00,41.509,142.08783333333332,54.1,5.1,5.3,108.0,31.0,288.0,59.0,18.0,0.0,198.0,14.0,90.0,18.0,76.0,90.0,92.0,39,217.0,True,True,2026-02-20 14:16:31,2026-02-20 14:16:30.590000+00:00,41.508659,142.087516,54.14,5.1
J2026022202090406,2026-02-21 17:09:04.060000+00:00,40.9105,142.11116666666666,55.17,3.8,3.9,110.0,26.0,321.0,60.0,207.0,13.0,171.0,22.0,52.0,31.0,72.0,104.0,95.0,40,133.0,True,True,2026-02-21 17:09:04,2026-02-21 17:09:04.060000+00:00,40.910693,142.111198,55.24,3.8
J2026022212364083,2026-02-22 03:36:40.830000+00:00,38.22,141.9685,43.67,3.8,,,,,,,,,,,,,,,40,,False,False,2026-02-22 03:36:41,,,,,
J2026022413265929,2026-02-24 04:26:59.290000+00:00,38.1915,141.77066666666667,57.92,3.7,4.0,291.0,25.0,66.0,57.0,191.0,20.0,57.0,27.0,140.0,184.0,73.0,69.0,98.0,39,131.0,True,True,2026-02-24 04:26:59,,,,,
J2026022419451862,2026-02-24 10:45:18.620000+00:00,40.05833333333333,141.25966666666667,89.62,3.4,,75.0,77.0,187.0,5.0,278.0,12.0,264.0,41.0,-108.0,108.0,51.0,-75.0,96.0,39,152.0,True,True,2026-02-24 10:45:19,,,,,
J2026022503164027,2026-02-24 18:16:40.270000+00:00,39.55616666666667,142.0136666666667,53.94,4.6,4.7,281.0,14.0,15.0,17.0,153.0,68.0,58.0,68.0,178.0,148.0,88.0,22.0,98.0,40,236.0,True,True,2026-02-24 18:16:40,2026-02-24 18:16:40.280000+00:00,39.556567,142.013737,53.96,4.6
J2026022518413540,2026-02-25 09:41:35.400000+00:00,41.493833333333335,142.0455,56.19,4.2,4.3,106.0,31.0,286.0,59.0,16.0,0.0,196.0,14.0,90.0,16.0,76.0,90.0,97.0,39,178.0,True,True,2026-02-25 09:41:35,2026-02-25 09:41:35.400000+00:00,41.49353,142.046175,56.13,4.2
J2026022603215597,2026-02-25 18:21:55.970000+00:00,42.2545,143.2825,12.3,3.3,,,,,,,,,,,,,,,20,,False,False,2026-02-25 18:21:56,,,,,
J2026030123091107,2026-03-01 14:09:11.070000+00:00,38.859,142.10916666666665,43.58,3.7,3.9,106.0,28.0,294.0,62.0,198.0,3.0,187.0,17.0,79.0,19.0,73.0,93.0,98.0,39,129.0,True,True,2026-03-01 14:09:11,2026-03-01 14:09:11.080000+00:00,38.859928,142.11001,43.66,3.7
J2026030421513276,2026-03-04 12:51:32.760000+00:00,38.32366666666667,141.59583333333333,55.02,3.4,,,,,,,,,,,,,,,40,,False,False,2026-03-04 12:51:33,,,,,
J2026031000454406,2026-03-09 15:45:44.060000+00:00,42.035833333333336,140.35216666666668,14542.0,5.8,5.9,277.0,31.0,110.0,58.0,11.0,6.0,348.0,15.0,66.0,192.0,76.0,96.0,95.0,40,329.0,True,True,2026-03-09 15:45:44,,,,,
J2026031020562529,2026-03-10 11:56:25.290000+00:00,41.978,143.24316666666667,42.66,4.1,4.1,,,,,,,,,,,,,,40,,False,False,2026-03-10 11:56:25,,,,,
J2026031107383529,2026-03-10 22:38:35.290000+00:00,40.9195,143.012,16.69,4.4,4.5,,,,,,,,,,,,,,32,,False,False,2026-03-10 22:38:35,2026-03-10 22:38:35.280000+00:00,40.919792,143.0125,16.49,4.4
J2026031601324079,2026-03-15 16:32:40.790000+00:00,40.868,143.40083333333334,16.44,4.7,4.5,105.0,41.0,297.0,48.0,200.0,6.0,141.0,7.0,30.0,21.0,86.0,96.0,100.0,31,112.0,True,True,2026-03-15 16:32:41,,,,,
J2026031603565385,2026-03-15 18:56:53.850000+00:00,41.38916666666667,142.68883333333332,39.5,4.9,4.9,110.0,9.0,290.0,81.0,20.0,0.0,200.0,36.0,90.0,20.0,54.0,90.0,94.0,40,144.0,True,True,2026-03-15 18:56:54,2026-03-15 18:56:53.840000+00:00,41.390287,142.68986,39.45,4.9
J2026031714012021,2026-03-17 05:01:20.210000+00:00,39.128,142.41983333333334,26.57,3.6,,,,,,,,,,,,,,,39,,False,False,2026-03-17 05:01:20,2026-03-17 05:01:20.210000+00:00,39.127938,142.420508,26.64,3.6
J2026031806133315,2026-03-17 21:13:33.150000+00:00,42.2955,144.25333333333333,52.62,4.3,4.3,,,,,,,,,,,,,,40,,False,False,2026-03-17 21:13:33,,,,,
J2026031813334497,2026-03-18 04:33:44.970000+00:00,41.18483333333333,142.5775,42.81,3.9,3.9,,,,,,,,,,,,,,38,,False,False,2026-03-18 04:33:45,2026-03-18 04:33:44.980000+00:00,41.18291,142.576823,42.97,3.9
J2026031906230097,2026-03-18 21:23:00.970000+00:00,40.976,142.00783333333334,57.77,4.3,4.3,111.0,24.0,298.0,66.0,202.0,3.0,195.0,21.0,83.0,23.0,69.0,93.0,98.0,40,123.0,True,True,2026-03-18 21:23:01,2026-03-18 21:23:00.960000+00:00,40.976371,142.00765,57.87,4.3
J2026032212320288,2026-03-22 03:32:02.880000+00:00,42.11566666666667,143.70183333333333,0.0,3.6,,,,,,,,,,,,,,,38,,False,False,2026-03-22 03:32:03,2026-03-22 03:32:02.870000+00:00,42.115491,143.700684,1.04,3.6
J2026032418363480,2026-03-24 09:36:34.800000+00:00,40.92116666666666,142.94,17.99,3.7,,,,,,,,,,,,,,,35,,False,False,2026-03-24 09:36:35,2026-03-24 09:36:34.790000+00:00,40.920353,142.940658,17.98,3.7
J2026032616375242,2026-03-26 07:37:52.420000+00:00,40.69416666666667,142.6798333333333,41.37,4.7,4.7,111.0,24.0,310.0,65.0,204.0,7.0,186.0,22.0,70.0,27.0,69.0,98.0,98.0,38,158.0,True,True,2026-03-26 07:37:52,,,,,
J2026032711163910,2026-03-27 02:16:39.100000+00:00,39.2465,142.14383333333333,51.51,3.8,,339.0,5.0,100.0,80.0,248.0,9.0,78.0,41.0,103.0,241.0,51.0,79.0,95.0,40,80.0,True,True,2026-03-27 02:16:39,2026-03-27 02:16:39.100000+00:00,39.245117,142.143311,51.5,3.8
J2026032802191210,2026-03-27 17:19:12.100000+00:00,40.975,142.78583333333333,23.59,4.2,4.1,,,,,,,,,,,,,,40,,False,False,2026-03-27 17:19:12,2026-03-27 17:19:12.100000+00:00,40.97922,142.786117,23.6,4.2
J2026032904445721,2026-03-28 19:44:57.210000+00:00,39.818333333333335,142.943,25.57,3.7,,,,,,,,,,,,,,,39,,False,False,2026-03-28 19:44:57,2026-03-28 19:44:57.200000+00:00,39.818075,142.943669,25.59,3.7
J2026033008470159,2026-03-29 23:47:01.590000+00:00,39.48116666666667,142.26433333333333,77.82,3.6,,,,,,,,,,,,,,,40,,False,False,2026-03-29 23:47:02,,,,,
J2026033010051615,2026-03-30 01:05:16.150000+00:00,38.31016666666667,141.8615,47.34,4.0,4.3,124.0,29.0,318.0,60.0,217.0,6.0,197.0,17.0,69.0,39.0,74.0,96.0,98.0,40,124.0,True,True,2026-03-30 01:05:16,,,,,
J2026033015115237,2026-03-30 06:11:52.370000+00:00,42.6815,143.425,72.71,3.7,,320.0,26.0,124.0,63.0,227.0,6.0,65.0,20.0,109.0,225.0,71.0,83.0,95.0,40,85.0,True,True,2026-03-30 06:11:52,,,,,
J2026033104054964,2026-03-30 19:05:49.640000+00:00,38.307,141.87683333333334,63.5,4.2,4.7,87.0,0.0,177.0,80.0,357.0,10.0,187.0,46.0,104.0,347.0,46.0,76.0,100.0,39,248.0,True,True,2026-03-30 19:05:50,,,,,
J2026040209525036,2026-04-02 00:52:50.360000+00:00,38.18116666666667,141.7011666666667,52.11,4.9,4.9,113.0,26.0,317.0,62.0,208.0,10.0,181.0,21.0,61.0,31.0,72.0,100.0,98.0,40,164.0,True,True,2026-04-02 00:52:50,,,,,
J2026040216270921,2026-04-02 07:27:09.210000+00:00,42.7305,143.364,72.66,3.3,,,,,,,,,,,,,,,36,,False,False,2026-04-02 07:27:09,,,,,
J2026040223222070,2026-04-02 14:22:20.700000+00:00,39.24666666666667,142.14583333333334,51.96,4.0,4.2,319.0,4.0,55.0,58.0,227.0,32.0,78.0,50.0,134.0,202.0,57.0,51.0,86.0,35,152.0,True,True,2026-04-02 14:22:21,2026-04-02 14:22:20.700000+00:00,39.247298,142.144906,52.1,4.0
J2026040317514467,2026-04-03 08:51:44.670000+00:00,39.45183333333333,142.58933333333334,30.15,4.4,4.2,,,,,,,,,,,,,,40,,False,False,2026-04-03 08:51:45,2026-04-03 08:51:44.680000+00:00,39.451957,142.589779,30.14,4.4
J2026040412165018,2026-04-04 03:16:50.180000+00:00,38.368,141.68566666666666,53.07,3.8,3.5,95.0,19.0,278.0,71.0,185.0,1.0,183.0,26.0,88.0,6.0,64.0,91.0,98.0,40,140.0,True,True,2026-04-04 03:16:50,,,,,
J2026040419364481,2026-04-04 10:36:44.810000+00:00,38.403666666666666,141.92233333333334,58.28,4.9,4.7,208.0,15.0,359.0,73.0,116.0,8.0,309.0,31.0,106.0,111.0,60.0,81.0,96.0,41,258.0,True,True,2026-04-04 10:36:45,,,,,
J2026040511213423,2026-04-05 02:21:34.230000+00:00,40.3255,142.276,42.95,3.8,,108.0,24.0,307.0,65.0,201.0,7.0,183.0,22.0,70.0,24.0,69.0,98.0,100.0,40,78.0,True,True,2026-04-05 02:21:34,2026-04-05 02:21:34.230000+00:00,40.324508,142.276432,42.99,3.8
J2026040610534042,2026-04-06 01:53:40.420000+00:00,39.7475,142.33516666666668,980.0,4.5,4.6,,,,,,,,,,,,,,39,,False,False,2026-04-06 01:53:40,2026-04-06 01:53:40.410000+00:00,39.747388,142.335758,9.68,4.5
J2026040705422767,2026-04-06 20:42:27.670000+00:00,42.9495,142.32883333333334,17.43,3.2,,,,,,,,,,,,,,,20,,False,False,2026-04-06 20:42:28,,,,,
J2026041118100155,2026-04-11 09:10:01.550000+00:00,39.759166666666665,141.83416666666668,58.09,4.0,3.9,106.0,26.0,304.0,63.0,200.0,7.0,179.0,20.0,69.0,22.0,71.0,98.0,97.0,40,158.0,True,True,2026-04-11 09:10:02,2026-04-11 09:10:01.560000+00:00,39.758765,141.835026,57.98,4.0
J2026041222004293,2026-04-12 13:00:42.930000+00:00,38.2295,141.79066666666665,58.93,4.7,4.6,288.0,10.0,176.0,65.0,22.0,23.0,353.0,40.0,53.0,217.0,59.0,117.0,98.0,40,236.0,True,True,2026-04-12 13:00:43,,,,,
J2026041422205770,2026-04-14 13:20:57.700000+00:00,40.638666666666666,142.39916666666667,44.99,4.3,4.3,,,,,,,,,,,,,,38,,False,False,2026-04-14 13:20:58,2026-04-14 13:20:57.700000+00:00,40.637553,142.398844,45.07,4.3
J2026041504500346,2026-04-14 19:50:03.460000+00:00,39.7445,142.329,807.0,3.6,,,,,,,,,,,,,,,40,,False,False,2026-04-14 19:50:03,2026-04-14 19:50:03.480000+00:00,39.744344,142.329134,7.95,3.6
J2026042017045151,2026-04-20 08:04:51.510000+00:00,39.915333333333336,142.5345,34.49,3.7,,,,,,,,,,,,,,,37,,False,False,2026-04-20 08:04:52,2026-04-20 08:04:51.500000+00:00,39.914612,142.535156,34.65,3.7
J2026042017422439,2026-04-20 08:42:24.390000+00:00,39.95133333333333,143.02466666666666,16.83,3.5,,,,,,,,,,,,,,,22,,False,False,2026-04-20 08:42:24,2026-04-20 08:42:24.400000+00:00,39.951953,143.023568,16.9,3.5
J2026042018272800,2026-04-20 09:27:28+00:00,39.94133333333333,143.02266666666668,19.31,3.8,,,,,,,,,,,,,,,20,,False,False,,,,,,
J2026042019302604,2026-04-20 10:30:26.040000+00:00,39.967666666666666,142.99933333333334,20.88,3.6,,,,,,,,,,,,,,,40,,False,False,2026-04-20 10:30:26,2026-04-20 10:30:26.020000+00:00,39.967611,143.000537,21.11,3.6
J2026042021344754,2026-04-20 12:34:47.540000+00:00,39.9195,142.4983333333333,36.51,3.7,,,,,,,,,,,,,,,39,,False,False,2026-04-20 12:34:48,2026-04-20 12:34:47.530000+00:00,39.919165,142.497477,36.48,3.7
J2026042201180697,2026-04-21 16:18:06.970000+00:00,39.8385,142.61033333333333,35.15,4.0,4.2,120.0,17.0,343.0,67.0,215.0,15.0,188.0,31.0,60.0,42.0,64.0,107.0,92.0,39,137.0,True,True,2026-04-21 16:18:07,2026-04-21 16:18:06.970000+00:00,39.838888,142.610303,35.04,4.0
J2026042221062229,2026-04-22 12:06:22.290000+00:00,40.138666666666666,142.4615,38.69,4.2,4.3,120.0,27.0,319.0,62.0,214.0,8.0,191.0,19.0,66.0,37.0,72.0,98.0,92.0,40,155.0,True,True,2026-04-22 12:06:22,2026-04-22 12:06:22.290000+00:00,40.13842,142.462321,38.66,4.2
J2026042302463689,2026-04-22 17:46:36.890000+00:00,40.05233333333333,142.19833333333332,45.13,4.2,4.2,112.0,27.0,305.0,62.0,205.0,5.0,188.0,18.0,73.0,26.0,72.0,96.0,99.0,40,152.0,True,True,2026-04-22 17:46:37,2026-04-22 17:46:36.880000+00:00,40.053768,142.198128,45.24,4.2
J2026042315411456,2026-04-23 06:41:14.560000+00:00,40.09733333333333,142.43933333333334,37.93,4.0,4.0,,,,,,,,,,,,,,40,,False,False,2026-04-23 06:41:15,2026-04-23 06:41:14.550000+00:00,40.097229,142.439225,37.97,4.0
J2026042315422576,2026-04-23 06:42:25.760000+00:00,40.05566666666667,142.20066666666668,44.06,3.6,,,,,,,,,,,,,,,34,,False,False,2026-04-23 06:42:26,2026-04-23 06:42:25.750000+00:00,40.056344,142.2007,44.09,3.6
J2026042318401005,2026-04-23 09:40:10.050000+00:00,40.1395,142.43866666666668,13.74,3.9,4.0,,,,,,,,,,,,,,40,,False,False,2026-04-23 09:40:10,2026-04-23 09:40:10.060000+00:00,40.139237,142.4382,13.71,3.9
J2026042423333787,2026-04-24 14:33:37.870000+00:00,39.91316666666667,142.39866666666666,38.16,3.5,,,,,,,,,,,,,,,39,,False,False,2026-04-24 14:33:38,2026-04-24 14:33:37.880000+00:00,39.913843,142.398128,38.14,3.5
J2026042511584896,2026-04-25 02:58:48.960000+00:00,40.0295,142.39683333333332,732.0,3.5,,,,,,,,,,,,,,,40,,False,False,2026-04-25 02:58:49,2026-04-25 02:58:48.960000+00:00,40.031234,142.397201,7.58,3.5
J2026042513444635,2026-04-25 04:44:46.350000+00:00,40.0315,142.397,732.0,3.6,,,,,,,,,,,,,,,38,,False,False,2026-04-25 04:44:46,2026-04-25 04:44:46.350000+00:00,40.031095,142.39668,7.26,3.6
J2026042705235649,2026-04-26 20:23:56.490000+00:00,42.67033333333333,143.0765,82.72,6.2,6.1,120.0,77.0,12.0,4.0,281.0,12.0,115.0,42.0,-72.0,271.0,50.0,-106.0,97.0,40,270.0,True,True,2026-04-26 20:23:56,,,,,
J2026050103152693,2026-04-30 18:15:26.930000+00:00,39.92033333333333,142.38766666666666,38.29,3.9,,,,,,,,,,,,,,,40,,False,False,2026-04-30 18:15:27,2026-04-30 18:15:26.920000+00:00,39.921106,142.387288,38.37,3.9
J2026050202192495,2026-05-01 17:19:24.950000+00:00,42.89866666666666,145.529,37.96,4.7,4.7,,,,,,,,,,,,,,39,,False,False,2026-05-01 17:19:25,,,,,
J2026050221235512,2026-05-02 12:23:55.120000+00:00,39.915333333333336,142.386,38.63,3.6,,,,,,,,,,,,,,,35,,False,False,2026-05-02 12:23:55,,,,,
J2026050405142434,2026-05-03 20:14:24.340000+00:00,41.339333333333336,140.61283333333333,14.18,3.2,,,,,,,,,,,,,,,40,,False,False,2026-05-03 20:14:24,,,,,
J2026050413513257,2026-05-04 04:51:32.570000+00:00,39.91816666666666,142.39266666666666,37.87,3.5,,,,,,,,,,,,,,,40,,False,False,2026-05-04 04:51:33,,,,,
J2026050416370957,2026-05-04 07:37:09.570000+00:00,42.8165,142.76016666666666,87.33,3.8,3.9,,,,,,,,,,,,,,39,,False,False,2026-05-04 07:37:10,,,,,
J2026050911425410,2026-05-09 02:42:54.100000+00:00,38.69833333333333,141.35983333333334,77.29,3.3,,285.0,27.0,73.0,59.0,188.0,14.0,46.0,22.0,130.0,183.0,73.0,75.0,97.0,40,114.0,True,True,2026-05-09 02:42:54,,,,,
J2026050918194918,2026-05-09 09:19:49.180000+00:00,39.267,142.138,51.71,4.0,3.9,,,,,,,,,,,,,,39,,False,False,2026-05-09 09:19:49,,,,,
J2026050921061711,2026-05-09 12:06:17.110000+00:00,40.11983333333333,141.684,73.33,3.2,,,,,,,,,,,,,,,40,,False,False,2026-05-09 12:06:17,,,,,
J2026051100251917,2026-05-10 15:25:19.170000+00:00,38.641333333333336,141.9055,47.4,3.5,,109.0,22.0,312.0,66.0,202.0,8.0,183.0,24.0,69.0,26.0,68.0,99.0,100.0,40,111.0,True,True,2026-05-10 15:25:19,,,,,
J2026051111274258,2026-05-11 02:27:42.580000+00:00,41.03333333333333,142.51216666666667,46.38,3.9,4.0,,,,,,,,,,,,,,39,,False,False,2026-05-11 02:27:43,,,,,
J2026051207361653,2026-05-11 22:36:16.530000+00:00,38.53916666666667,141.73666666666668,52.7,3.6,,94.0,18.0,287.0,72.0,185.0,4.0,178.0,27.0,82.0,7.0,63.0,94.0,98.0,40,134.0,True,True,2026-05-11 22:36:17,,,,,
J2026051303025967,2026-05-12 18:02:59.670000+00:00,38.8895,141.97216666666668,48.94,3.5,,110.0,25.0,302.0,65.0,202.0,5.0,190.0,21.0,77.0,24.0,70.0,95.0,100.0,40,123.0,True,True,2026-05-12 18:03:00,,,,,
J2026051317165831,2026-05-13 08:16:58.310000+00:00,38.69266666666667,141.976,57.26,3.3,,330.0,37.0,103.0,42.0,219.0,26.0,122.0,26.0,174.0,217.0,87.0,64.0,96.0,40,113.0,True,True,2026-05-13 08:16:58,,,,,
J2026051402324191,2026-05-13 17:32:41.910000+00:00,40.57666666666667,140.348,791.0,3.7,,253.0,6.0,44.0,83.0,163.0,3.0,347.0,39.0,95.0,160.0,51.0,86.0,93.0,20,101.0,True,True,2026-05-13 17:32:42,,,,,
J2026051403024044,2026-05-13 18:02:40.440000+00:00,38.4055,141.92516666666666,56.97,3.8,,203.0,13.0,19.0,77.0,113.0,1.0,294.0,32.0,92.0,112.0,58.0,89.0,95.0,40,178.0,True,True,2026-05-13 18:02:40,,,,,
J2026051404595977,2026-05-13 19:59:59.770000+00:00,39.836333333333336,141.4275,12.1,3.5,,75.0,11.0,323.0,63.0,170.0,24.0,138.0,40.0,50.0,5.0,60.0,118.0,88.0,20,90.0,True,True,2026-05-13 20:00:00,,,,,
J2026051405013613,2026-05-13 20:01:36.130000+00:00,39.83766666666666,141.426,11.99,4.8,4.5,77.0,17.0,313.0,61.0,174.0,23.0,137.0,34.0,47.0,5.0,66.0,115.0,94.0,20,144.0,True,True,2026-05-13 20:01:36,,,,,
J2026051512095650,2026-05-15 03:09:56.500000+00:00,40.5795,140.34716666666668,797.0,3.4,,254.0,17.0,69.0,73.0,164.0,1.0,346.0,28.0,93.0,163.0,62.0,88.0,96.0,20,82.0,True,True,2026-05-15 03:09:56,,,,,
J2026051520220201,2026-05-15 11:22:02.010000+00:00,38.90416666666667,142.09733333333332,45.94,6.4,6.6,106.0,21.0,302.0,68.0,198.0,6.0,186.0,24.0,76.0,21.0,66.0,96.0,97.0,40,277.0,True,True,2026-05-15 11:22:02,,,,,
J2026051711421263,2026-05-17 02:42:12.630000+00:00,38.774166666666666,142.26383333333334,42.22,4.2,4.4,90.0,23.0,257.0,66.0,358.0,5.0,190.0,22.0,103.0,356.0,68.0,85.0,98.0,40,94.0,True,True,2026-05-17 02:42:13,,,,,
J2026051718015380,2026-05-17 09:01:53.800000+00:00,39.089,142.207,39.7,3.7,,110.0,24.0,297.0,66.0,201.0,3.0,194.0,21.0,83.0,22.0,69.0,93.0,97.0,39,115.0,True,True,2026-05-17 09:01:54,,,,,
J2026051919233521,2026-05-19 10:23:35.210000+00:00,40.83283333333333,142.52033333333333,75.83,4.1,4.1,110.0,33.0,331.0,49.0,215.0,21.0,149.0,23.0,22.0,38.0,81.0,111.0,95.0,36,234.0,True,True,2026-05-19 10:23:35,,,,,
