source_file,size_bytes,total_lines,valid_96_byte_records,invalid_length_records,j_records,pick_records,e_records,auxiliary_records,unrecognized_records,orphan_pick_records,closed_events,skipped_events,skipped_pick_records,unterminated_events,parse_errors
measure_20250601_5.txt,6841119,70527,70527,0,4061,59946,4061,2459,0,0,4061,8,51,0,0
measure_20250606_5.txt,8643961,89113,89113,0,5768,60812,5768,16765,0,0,5768,7,75,0,0
measure_20250611_5.txt,8670636,89388,89388,0,6083,53501,6083,23721,0,0,6083,10,42,0,0
measure_20250616_5.txt,6618698,68234,68234,0,4154,54430,4154,5496,0,0,4154,6,36,0,0
measure_20250621_5.txt,8354319,86127,86127,0,5455,73116,5455,2101,0,0,5455,17,72,0,0
measure_20250626_5.txt,8957271,92343,92343,0,6362,64564,6362,15055,0,0,6362,22,87,0,0
measure_20250701_5.txt,9843075,101475,101475,0,6790,78797,6790,9098,0,0,6790,26,100,0,0
measure_20250706_5.txt,9146227,94291,94291,0,6336,68865,6336,12754,0,0,6336,19,90,0,0
measure_20250711_5.txt,6781464,69912,69912,0,4333,59559,4333,1687,0,0,4333,9,80,0,0
measure_20250716_5.txt,7004467,72211,72211,0,4345,56538,4345,6983,0,0,4345,6,61,0,0
measure_20250721_5.txt,6570295,67735,67735,0,3990,57684,3990,2071,0,0,3990,10,103,0,0
measure_20250726_5.txt,5835714,60162,60162,0,3406,53069,3406,281,0,0,3406,7,70,0,0
measure_20250731_1.txt,1259642,12986,12986,0,736,11456,736,58,0,0,736,3,35,0,0
measure_20250801_5.txt,6621899,68267,68267,0,4144,59954,4144,25,0,0,4144,13,112,0,0
measure_20250806_5.txt,6502977,67041,67041,0,4026,58292,4026,697,0,0,4026,18,143,0,0
measure_20250811_5.txt,6329250,65250,65250,0,3808,55704,3808,1930,0,0,3808,13,89,0,0
measure_20250816_5.txt,7240274,74642,74642,0,4287,65624,4287,444,0,0,4287,5,22,0,0
measure_20250821_5.txt,7505084,77372,77372,0,4574,66721,4574,1503,0,0,4574,8,61,0,0
measure_20250826_5.txt,6380175,65775,65775,0,3906,54570,3906,3393,0,0,3906,7,43,0,0
measure_20250831_1.txt,1324632,13656,13656,0,791,11624,791,450,0,0,791,3,22,0,0
measure_20250901_5.txt,5270010,54330,54330,0,3118,46912,3118,1182,0,0,3118,12,106,0,0
measure_20250906_5.txt,7783183,80239,80239,0,5072,56215,5072,13880,0,0,5072,13,122,0,0
measure_20250911_5.txt,5939698,61234,61234,0,3603,50155,3603,3873,0,0,3603,6,57,0,0
measure_20250916_5.txt,6112455,63015,63015,0,3869,52431,3869,2846,0,0,3869,25,164,0,0
measure_20250921_5.txt,5320547,54851,54851,0,3125,47712,3125,889,0,0,3125,9,46,0,0
measure_20250926_5.txt,6162992,63536,63536,0,3688,53993,3688,2167,0,0,3688,5,40,0,0
measure_20251001_5.txt,6770018,69794,69794,0,4267,55176,4267,6084,0,0,4267,14,98,0,0
measure_20251006_5.txt,5880431,60623,60623,0,3503,52246,3503,1371,0,0,3503,9,102,0,0
measure_20251011_5.txt,5620762,57946,57946,0,3222,50512,3222,990,0,0,3222,6,40,0,0
measure_20251016_5.txt,5082606,52398,52398,0,2927,45378,2927,1166,0,0,2927,5,44,0,0
measure_20251021_5.txt,5219861,53813,53813,0,2898,47744,2898,273,0,0,2898,6,40,0,0
measure_20251026_5.txt,5245663,54079,54079,0,3002,46405,3002,1670,0,0,3002,4,53,0,0
measure_20251031_1.txt,958651,9883,9883,0,542,8768,542,31,0,0,542,1,13,0,0
measure_20251101_5.txt,7461919,76927,76927,0,4762,52705,4762,14698,0,0,4762,10,96,0,0
measure_20251106_5.txt,7892599,81367,81367,0,4373,70201,4373,2420,0,0,4373,4,34,0,0
measure_20251111_5.txt,7308562,75346,75346,0,4257,65122,4257,1710,0,0,4257,3,12,0,0
measure_20251116_5.txt,6264454,64582,64582,0,3622,55553,3622,1785,0,0,3622,5,28,0,0
measure_20251121_5.txt,7915394,81602,81602,0,4317,69670,4317,3298,0,0,4317,2,15,0,0
measure_20251126_5.txt,8869777,91441,91441,0,4734,80975,4734,998,0,0,4734,7,60,0,0
measure_20251201_5.txt,7505375,77375,77375,0,4682,51659,4682,16352,0,0,4682,6,10,0,0
measure_20251206_5.txt,11306126,116558,116558,0,7216,80210,7216,21916,0,0,7216,6,53,0,0
measure_20251211_5.txt,9267865,95545,95545,0,5355,83344,5355,1491,0,0,5355,3,21,0,0
measure_20251216_5.txt,7464635,76955,76955,0,4392,68086,4392,85,0,0,4392,5,23,0,0
measure_20251221_5.txt,6132728,63224,63224,0,3482,55183,3482,1077,0,0,3482,3,33,0,0
measure_20251226_5.txt,6703185,69105,69105,0,3868,60422,3868,947,0,0,3868,6,55,0,0
measure_20251231_1.txt,1618251,16683,16683,0,880,14678,880,245,0,0,880,1,3,0,0
measure_20260101_5.txt,7769797,80101,80101,0,4703,59721,4703,10974,0,0,4703,5,22,0,0
measure_20260106_5.txt,12419880,128040,128040,0,6366,113796,6366,1512,0,0,6366,8,58,0,0
measure_20260111_5.txt,7618671,78543,78543,0,4120,69767,4120,536,0,0,4120,7,30,0,0
measure_20260116_5.txt,8371294,86302,86302,0,4795,75766,4795,946,0,0,4795,15,91,0,0
measure_20260121_5.txt,7108354,73282,73282,0,4155,57410,4155,7562,0,0,4155,5,84,0,0
measure_20260126_5.txt,6640911,68463,68463,0,3926,55291,3926,5320,0,0,3926,9,46,0,0
measure_20260131_1.txt,1110553,11449,11449,0,603,10048,603,195,0,0,603,1,8,0,0
measure_20260201_5.txt,5817866,59978,59978,0,3259,52867,3259,593,0,0,3259,6,66,0,0
measure_20260206_5.txt,5526769,56977,56977,0,3082,48084,3082,2729,0,0,3082,8,63,0,0
measure_20260211_5.txt,6568161,67713,67713,0,3910,52112,3910,7781,0,0,3910,6,61,0,0
measure_20260216_5.txt,6293554,64882,64882,0,3833,48584,3833,8632,0,0,3833,14,106,0,0
measure_20260221_5.txt,6130303,63199,63199,0,3608,49676,3608,6307,0,0,3608,6,77,0,0
measure_20260226_3.txt,4689271,48343,48343,0,3254,41408,3254,427,0,0,3254,4,26,0,0
measure_20260301_5.txt,6742373,69509,69509,0,4397,55236,4397,5479,0,0,4397,12,113,0,0
measure_20260306_5.txt,5935721,61193,61193,0,3634,51320,3634,2605,0,0,3634,6,55,0,0
measure_20260311_5.txt,5340917,55061,55061,0,3075,47658,3075,1253,0,0,3075,2,13,0,0
measure_20260316_5.txt,7670760,79080,79080,0,4629,64333,4629,5489,0,0,4629,12,85,0,0
measure_20260321_5.txt,6794753,70049,70049,0,4010,61763,4010,266,0,0,4010,8,79,0,0
measure_20260326_5.txt,8267698,85234,85234,0,5173,72859,5173,2029,0,0,5173,4,34,0,0
measure_20260331_1.txt,861457,8881,8881,0,515,7851,515,0,0,0,515,1,3,0,0
measure_20260401_5.txt,5173107,53331,53331,0,2974,45446,2974,1937,0,0,2974,8,78,0,0
measure_20260406_5.txt,6189861,63813,63813,0,3659,49324,3659,7171,0,0,3659,8,51,0,0
measure_20260411_5.txt,5694094,58702,58702,0,3311,51241,3311,839,0,0,3311,8,85,0,0
measure_20260416_5.txt,9156994,94402,94402,0,5411,81282,5411,2298,0,0,5411,18,134,0,0
measure_20260421_5.txt,11162372,115076,115076,0,6235,101320,6235,1286,0,0,6235,1,8,0,0
measure_20260426_5.txt,8528628,87924,87924,0,4972,76786,4972,1194,0,0,4972,10,65,0,0
measure_20260501_1.txt,1292816,13328,13328,0,713,11902,713,0,0,0,713,0,0,0,0
