region,window_size,step_size,window_start_index,window_end_index,window_start_time,window_end_time,window_median_time,window_duration_days,matched_rate_events_per_day,n_total,mc,mc_method,b_value,b_std,n_complete,reliability_flag,reliable,b_rolling_median_5,b_lowess
whole_oriented_area,500,100,0,499,2020-01-01 00:42:02.880,2020-07-09 20:58:43.120,2020-03-28 14:25:58.430,190.8449101851852,2.6199283990064397,500,1.9,maxc,0.6871581236945987,0.045984701001299144,210,reliable,True,0.6871581236945987,0.7124909215743658
whole_oriented_area,500,100,100,599,2020-02-13 15:43:02.480,2020-08-22 07:55:55.570,2020-05-19 00:46:15.360,190.6756144675926,2.622254562525511,500,1.9,maxc,0.6880954162026138,0.04794066110419248,194,reliable,True,0.6876267699486063,0.7364286217824199
whole_oriented_area,500,100,200,699,2020-03-15 02:10:57.340,2020-09-13 17:35:08.140,2020-06-17 20:11:00.420,182.64179166666668,2.7375990754215387,500,1.5,maxc,0.6633959696700339,0.03679757875428169,270,reliable,True,0.6880954162026138,0.7499759056321605
whole_oriented_area,500,100,300,799,2020-04-20 20:54:35.570,2020-10-01 15:48:36.870,2020-08-02 09:12:35.790,163.7875150462963,3.0527357342143544,500,1.5,maxc,0.7222001003308234,0.04366578643344844,256,reliable,True,0.7222001003308234,0.7702024685730536
whole_oriented_area,500,100,400,899,2020-06-04 01:57:13.050,2020-10-23 00:08:51.300,2020-09-06 02:11:11.130,140.9247482638889,3.547992855475776,500,1.5,maxc,0.8086409419440739,0.05074080340438361,246,reliable,True,0.8086409419440739,0.7852815290749445
whole_oriented_area,500,100,500,999,2020-07-10 17:40:10.050,2020-11-12 12:33:47.890,2020-09-22 16:16:08.490,124.78724351851852,4.006819815086304,500,1.5,maxc,0.8588406288457947,0.052496695264210955,239,reliable,True,0.856371369009477,0.7924068449914063
whole_oriented_area,500,100,600,1099,2020-08-23 09:49:06.120,2020-11-30 16:47:04.750,2020-10-10 23:27:19.040,99.2902619212963,5.035740568358369,500,1.5,maxc,0.856371369009477,0.05346841527377763,245,reliable,True,0.856371369009477,0.8002195903377681
whole_oriented_area,500,100,700,1199,2020-09-13 18:45:13.520,2020-12-23 18:09:05.190,2020-11-02 00:15:34.420,100.97490358796296,4.951725450912974,500,1.5,maxc,0.9136505883074972,0.06283291368754698,251,reliable,True,0.856371369009477,0.8095686398204417
whole_oriented_area,500,100,800,1299,2020-10-01 22:37:46.870,2021-01-10 07:12:32.790,2020-11-21 08:53:14.280,100.35747592592593,4.9821898706285825,500,1.5,maxc,0.8228213215828418,0.054601880648946034,262,reliable,True,0.8333720581878259,0.8177345303999006
whole_oriented_area,500,100,900,1399,2020-10-23 07:14:30.800,2021-02-01 03:08:33.870,2020-12-11 15:49:00.170,100.82920219907407,4.958880850934587,500,1.5,maxc,0.8119520220612976,0.05387680117030981,258,reliable,True,0.8282846333135252,0.8262395513433196
whole_oriented_area,500,100,1000,1499,2020-11-12 14:31:22.300,2021-02-21 10:54:07.740,2021-01-03 00:44:15.770,100.84913703703702,4.957900629495462,500,1.5,maxc,0.8333720581878259,0.05806740491477795,253,reliable,True,0.8228213215828418,0.8355422825125273
whole_oriented_area,500,100,1100,1599,2020-11-30 23:20:31.710,2021-03-12 18:50:13.880,2021-01-20 14:53:18.680,101.81229363425926,4.910998290600859,500,1.5,maxc,0.8282846333135252,0.05819452237842102,245,reliable,True,0.8282846333135252,0.8427848318529632
whole_oriented_area,500,100,1200,1699,2020-12-24 19:27:57.380,2021-03-26 17:38:43.650,2021-02-11 04:37:09.790,91.92414664351851,5.439267246493983,500,1.5,maxc,0.8067347118817217,0.05104447945584891,257,reliable,True,0.8333720581878259,0.8515423863582906
whole_oriented_area,500,100,1300,1799,2021-01-10 14:55:55.490,2021-04-09 10:16:10.640,2021-03-02 12:59:16.320,88.80573090277778,5.630267268982753,500,1.4,maxc,0.8902910793057978,0.05332214661661974,291,reliable,True,0.8282846333135252,0.8592104247766793
whole_oriented_area,500,100,1400,1899,2021-02-01 03:19:02.600,2021-04-27 23:01:43.910,2021-03-20 12:41:11.430,85.82131145833333,5.826058720190409,500,1.4,maxc,0.8580248035686648,0.05254924068785071,282,reliable,True,0.8580248035686648,0.8660606505774205
whole_oriented_area,500,100,1500,1999,2021-02-21 11:05:37.830,2021-05-08 06:22:08.740,2021-04-02 02:15:38.670,75.80313553240741,6.596033217995839,500,1.4,maxc,0.8199222338145327,0.048439769689035385,288,reliable,True,0.8902910793057978,0.8705792103973082
whole_oriented_area,500,100,1600,2099,2021-03-12 19:12:48.760,2021-05-27 19:35:00.300,2021-04-19 01:07:51.980,76.0154113425926,6.57761355452723,500,1.4,maxc,0.8919587623461624,0.05768345020408094,259,reliable,True,0.8919587623461624,0.8761322995185317
whole_oriented_area,500,100,1700,2199,2021-03-26 20:44:47.520,2021-06-09 20:05:33.000,2021-05-01 15:12:26.220,74.97274861111111,6.669089892829392,500,1.4,maxc,0.9343599493610095,0.06272820222439408,235,reliable,True,0.8919587623461624,0.8784835992119828
whole_oriented_area,500,100,1800,2299,2021-04-09 18:55:30.150,2021-06-27 09:36:05.890,2021-05-19 06:44:16.940,78.61152476851852,6.3603905594289465,500,1.4,maxc,0.9098693187509864,0.06125637155783477,234,reliable,True,0.9098693187509864,0.8815350573786448
whole_oriented_area,500,100,1900,2399,2021-04-28 02:16:39.640,2021-07-17 13:06:32.320,2021-06-02 15:10:43.450,80.45130416666666,6.214939648015858,500,1.4,maxc,0.8795517035512996,0.058767970320309317,242,reliable,True,0.9343599493610095,0.883835327345248
whole_oriented_area,500,100,2000,2499,2021-05-08 13:41:16.800,2021-08-02 05:02:16.300,2021-06-19 23:57:12.380,85.6395775462963,5.838422074533269,500,1.5,maxc,0.998948665575186,0.07789406889342274,180,reliable,True,0.9119015352064027,0.8858330661065381
whole_oriented_area,500,100,2100,2599,2021-05-28 03:09:58.210,2021-08-21 04:50:03.500,2021-07-08 03:55:53.190,85.0695056712963,5.877546790173807,500,1.5,maxc,0.9528344001340021,0.06689936881797666,210,reliable,True,0.9522561083748226,0.8866111670423116
whole_oriented_area,500,100,2200,2699,2021-06-09 20:24:25.160,2021-09-01 09:55:42.300,2021-07-25 02:55:41.860,83.56339282407407,5.983481320015925,500,1.5,maxc,0.9119015352064027,0.06498466617234652,225,reliable,True,0.9528344001340021,0.885911029983056
whole_oriented_area,500,100,2300,2799,2021-06-27 15:19:29.280,2021-09-18 12:56:10.540,2021-08-10 18:34:40.750,82.90047754629629,6.031328344529402,500,1.5,maxc,0.9522561083748226,0.06895387016484636,228,reliable,True,0.9528344001340021,0.8871171672100908
whole_oriented_area,500,100,2400,2899,2021-07-17 17:27:33.170,2021-10-04 08:32:37.090,2021-08-27 19:25:30.470,78.62851759259259,6.359015981844021,500,1.5,maxc,1.0209052551183675,0.0751909651145302,212,reliable,True,0.9671990817599783,0.8851084538747348
whole_oriented_area,500,100,2500,2999,2021-08-02 05:29:08.090,2021-10-18 17:32:31.830,2021-09-09 09:57:39.640,77.50235810185185,6.451416605194273,500,1.5,maxc,0.9729080608979847,0.06416941056452001,229,reliable,True,0.9671990817599783,0.8828833586160223
whole_oriented_area,500,100,2600,3099,2021-08-21 05:23:25.580,2021-11-06 18:34:36.730,2021-09-26 00:48:05.420,77.54943460648148,6.4475002627319045,500,1.5,maxc,0.9671990817599783,0.06711060357599107,228,reliable,True,0.9671990817599783,0.8804508693097814
whole_oriented_area,500,100,2700,3199,2021-09-01 10:49:24.270,2021-11-19 19:17:47.500,2021-10-11 06:54:27.730,79.35304664351852,6.300955302273066,500,1.5,maxc,0.898284984812254,0.059120807847028826,233,reliable,True,0.898284984812254,0.8785901850356331
whole_oriented_area,500,100,2800,3299,2021-09-18 12:59:24.730,2021-12-11 05:18:42.300,2021-10-27 23:02:57.650,83.6800644675926,5.975138800157578,500,1.5,maxc,0.822731694385362,0.05068084367010413,253,reliable,True,0.8693496536667497,0.8764749093857175
whole_oriented_area,500,100,2900,3399,2021-10-04 08:32:54.270,2022-01-02 18:05:28.400,2021-11-11 03:00:43.840,90.39761724537037,5.531119240043985,500,1.5,maxc,0.8572274803484926,0.05245519559401223,266,reliable,True,0.8693496536667497,0.8746313232724308
whole_oriented_area,500,100,3000,3499,2021-10-18 23:20:14.010,2022-01-26 08:54:40.500,2021-12-03 10:05:31.970,99.39891770833333,5.030235856965286,500,1.5,maxc,0.8693496536667497,0.05724053594322067,244,reliable,True,0.8693496536667497,0.8707922363935663
whole_oriented_area,500,100,3100,3599,2021-11-07 03:18:06.940,2022-02-08 09:16:22.250,2021-12-21 13:52:25.170,93.24878831018518,5.361999968694361,500,1.5999999999999999,maxc,0.8756600731128112,0.06267539809347718,212,reliable,True,0.8693496536667497,0.8671566453267567
whole_oriented_area,500,100,3200,3699,2021-11-19 23:09:58.800,2022-02-27 19:07:48.830,2022-01-13 03:45:14.530,99.83182905092592,5.008422712008427,500,1.5,maxc,0.9259835306604758,0.05979997681766884,255,reliable,True,0.8693496536667497,0.8620777153669245
whole_oriented_area,500,100,3300,3799,2021-12-11 11:06:41.060,2022-03-10 15:43:22.360,2022-02-01 14:11:29.110,89.19214467592592,5.605874842641342,500,1.4,maxc,0.8677289424475747,0.05508342401155548,301,reliable,True,0.8677289424475747,0.8570811760993813
whole_oriented_area,500,100,3400,3899,2022-01-02 21:11:54.090,2022-03-22 17:12:11.470,2022-02-18 10:27:39.710,78.83353449074075,6.342478530614742,500,1.5,maxc,0.772409845244744,0.053782731887019035,262,reliable,True,0.772409845244744,0.8530082798631631
whole_oriented_area,500,100,3500,3999,2022-01-26 08:55:58.600,2022-04-10 04:07:40.840,2022-03-06 10:37:12.240,73.79979444444444,6.775086621364423,500,1.4,maxc,0.7023090476525414,0.04222651182199103,294,reliable,True,0.7217439588218512,0.8501636694219502
whole_oriented_area,500,100,3600,4099,2022-02-08 14:32:19.030,2022-04-29 03:50:54.820,2022-03-15 08:33:49.170,79.55458090277777,6.284993199964702,500,1.4,maxc,0.7217439588218512,0.04581950916419834,273,reliable,True,0.7217439588218512,0.8472235295022208
whole_oriented_area,500,100,3700,4199,2022-02-28 20:45:49.900,2022-05-14 22:13:10.840,2022-03-31 23:04:24.560,75.06065902777779,6.66127911047203,500,1.4,maxc,0.6887744692691795,0.045784218100591176,259,reliable,True,0.7217439588218512,0.8440022694360507
whole_oriented_area,500,100,3800,4299,2022-03-10 15:56:07.170,2022-06-06 06:07:16.940,2022-04-18 11:45:12.200,87.59108530092593,5.7083434721948185,500,1.4,maxc,0.752586695743445,0.05017083496241816,242,reliable,True,0.752586695743445,0.840686682268374
whole_oriented_area,500,100,3900,4399,2022-03-23 01:41:47.070,2022-06-18 21:32:29.190,2022-05-08 21:34:23.430,87.82687638888889,5.6930181347455475,500,1.4,maxc,0.8531507418892152,0.05871563530127829,234,reliable,True,0.8039402114990881,0.8370991224631104
whole_oriented_area,500,100,4000,4499,2022-04-10 06:09:30.320,2022-06-25 15:20:08.190,2022-05-26 03:05:18.940,76.38238275462963,6.546012077237724,500,1.4,maxc,0.8446910064325363,0.06292803674049831,222,reliable,True,0.8446910064325363,0.8341856168104048
whole_oriented_area,500,100,4100,4599,2022-04-29 08:09:53.920,2022-07-10 08:42:58.450,2022-06-13 16:06:43.170,72.02296909722223,6.942229767354647,500,1.2,maxc,0.8039402114990881,0.04919928129279402,303,reliable,True,0.8531507418892152,0.8314468261454798
whole_oriented_area,500,100,4200,4699,2022-05-14 23:43:33.150,2022-07-23 05:58:25.610,2022-06-19 21:40:58.550,69.26032939814814,7.219139792502471,500,1.2,maxc,0.8720870597261458,0.05287325680665291,300,reliable,True,0.8661268247962068,0.8308670984782253
whole_oriented_area,500,100,4300,4799,2022-06-07 19:49:17.620,2022-08-08 06:40:34.840,2022-07-01 19:39:52.090,61.45228263888889,8.136394264443233,500,1.2,maxc,0.8661268247962068,0.054948737242446546,292,reliable,True,0.8661268247962068,0.8291096581094527
whole_oriented_area,500,100,4400,4899,2022-06-18 22:55:37.950,2022-08-26 09:56:49.960,2022-07-16 05:23:43.470,68.45916678240741,7.30362380233482,500,1.3,maxc,0.8898514954166932,0.06291821364863964,249,reliable,True,0.8720870597261458,0.8274611194810734
whole_oriented_area,500,100,4500,4999,2022-06-25 17:05:29.950,2022-09-16 15:57:28.860,2022-07-31 00:18:16.400,82.95276516203704,6.027526617386623,500,1.5,maxc,0.8422147068714829,0.06824446318470143,165,reliable,True,0.8661268247962068,0.8257509700751793
whole_oriented_area,500,100,4600,5099,2022-07-10 12:09:10.120,2022-10-02 09:52:42.560,2022-08-18 06:20:45.640,83.90523657407408,5.959103631852404,500,1.4,maxc,0.9236969962912067,0.06400488642688029,237,reliable,True,0.8422147068714829,0.8238091400838486
whole_oriented_area,500,100,4700,5199,2022-07-24 05:34:22.090,2022-10-19 06:18:52.420,2022-09-05 19:02:18.660,87.03090659722223,5.745085505244623,500,1.7,maxc,0.7527883380988051,0.07124629620195223,134,reliable,True,0.7955038715093984,0.8220260600400479
whole_oriented_area,500,100,4800,5299,2022-08-08 17:26:44.660,2022-10-24 20:11:46.650,2022-09-25 08:06:01.080,77.11460636574074,6.48385595886452,500,1.7,maxc,0.7617464079616949,0.06322900043709424,176,reliable,True,0.7955038715093984,0.8207276755211969
whole_oriented_area,500,100,4900,5399,2022-08-26 10:38:43.140,2022-11-05 17:58:36.150,2022-10-09 23:06:11.800,71.30547465277778,7.0120843095814385,500,1.7,maxc,0.7955038715093984,0.06310076190979863,197,reliable,True,0.7955038715093984,0.8200681544566072
whole_oriented_area,500,100,5000,5499,2022-09-16 17:38:00.880,2022-11-25 15:22:38.200,2022-10-20 21:29:49.980,69.90598750000001,7.152463156321194,500,1.7,maxc,0.8574501555001313,0.0675077837868406,215,reliable,True,0.8271690586253043,0.8196410613194033
whole_oriented_area,500,100,5100,5599,2022-10-02 13:04:30.650,2022-12-16 02:42:08.440,2022-10-31 17:50:38.560,74.56779849537037,6.705307251776289,500,1.7,maxc,0.8271690586253043,0.06323469239297812,231,reliable,True,0.8574501555001313,0.8187372094348805
whole_oriented_area,500,100,5200,5699,2022-10-19 06:31:29.680,2022-12-31 14:47:14.080,2022-11-14 10:36:44.010,73.34426388888889,6.817165698976308,500,1.8,maxc,0.8748342444704362,0.07032009821934981,185,reliable,True,0.8748342444704362,0.8170658607266589
whole_oriented_area,500,100,5300,5799,2022-10-25 07:46:03.120,2023-01-19 19:33:31.460,2022-12-06 21:16:14.530,86.49130023148147,5.780928239739977,500,1.5,maxc,0.9040766598751623,0.053629909622836314,299,reliable,True,0.8783035515613804,0.8131907497265901
whole_oriented_area,500,100,5400,5899,2022-11-05 22:04:11.220,2023-02-17 04:44:07.550,2022-12-22 21:34:18.910,103.27773530092593,4.841314524792037,500,1.8,maxc,0.8783035515613804,0.07947889355687386,143,reliable,True,0.8783035515613804,0.8099576580968304
whole_oriented_area,500,100,5500,5999,2022-11-25 16:06:20.860,2023-03-16 17:15:39.740,2023-01-11 07:51:26.060,111.04813518518519,4.5025519714148645,500,1.5,maxc,0.9031604327048316,0.05832294051663439,270,reliable,True,0.8783035515613804,0.8066253561370494
whole_oriented_area,500,100,5600,6099,2022-12-16 02:45:21.860,2023-03-23 05:58:01.870,2023-02-06 16:10:57.080,97.13379641203703,5.147538945960923,500,1.7,maxc,0.7475557344693007,0.06255321198591636,176,reliable,True,0.7475557344693007,0.8024442752241854
whole_oriented_area,500,100,5700,6199,2022-12-31 15:23:38.120,2023-04-06 16:07:56.600,2023-03-01 20:33:56.250,96.03076944444445,5.206664519013972,500,1.7,maxc,0.7350629505235398,0.06360703441538539,161,reliable,True,0.7475557344693007,0.798807878318676
whole_oriented_area,500,100,5800,6299,2023-01-19 19:34:57.670,2023-04-27 14:20:37.890,2023-03-22 08:41:40.290,97.78171550925927,5.113430434268188,500,1.7,maxc,0.7240100074516507,0.06142288214311954,162,reliable,True,0.7350629505235398,0.796167073352856
whole_oriented_area,500,100,5900,6399,2023-02-17 09:14:42.840,2023-05-18 23:24:11.490,2023-03-28 13:14:36.900,90.58991493055557,5.5193781822545045,500,1.4,maxc,0.778732806747047,0.05042552068104112,283,reliable,True,0.7350629505235398,0.7948721383097703
whole_oriented_area,500,100,6000,6499,2023-03-16 19:35:28.150,2023-06-16 19:03:55.360,2023-04-17 22:12:21.730,91.97809270833334,5.43607706223614,500,1.7,maxc,0.6829052362928135,0.05330640041984875,157,reliable,True,0.7650566250748727,0.7924819598590861
whole_oriented_area,500,100,6100,6599,2023-03-23 06:19:36.210,2023-07-07 20:03:37.460,2023-05-07 01:03:41.510,106.57223668981482,4.691653431796514,500,1.5,maxc,0.8440267117127407,0.05708666999591405,201,reliable,True,0.7650566250748727,0.7913758347680026
whole_oriented_area,500,100,6200,6699,2023-04-06 16:24:20.600,2023-07-25 13:21:04.320,2023-05-31 21:59:36.340,109.87272824074074,4.5507198010452266,500,1.4,maxc,0.7650566250748727,0.048630273729792554,230,reliable,True,0.7491296125495158,0.7909765705638283
whole_oriented_area,500,100,6300,6799,2023-04-28 21:06:32.440,2023-08-09 23:35:13.430,2023-06-29 11:49:21.280,103.10325219907408,4.84950755030102,500,1.4,maxc,0.7491296125495158,0.04836059757573652,231,reliable,True,0.7491296125495158,0.7904698302034665
whole_oriented_area,500,100,6400,6899,2023-05-19 03:29:57.650,2023-08-24 23:02:15.030,2023-07-15 11:56:35.200,97.8140900462963,5.111737989520175,500,1.4,maxc,0.7195325388505497,0.04716131609398654,242,reliable,True,0.7299167122992741,0.7904107742526519
whole_oriented_area,500,100,6500,6999,2023-06-17 02:34:20.570,2023-08-25 14:45:34.290,2023-08-02 15:57:12.560,69.50779768518518,7.193437522860395,500,1.4,maxc,0.7052261887382772,0.04391464128795584,262,reliable,True,0.7299167122992741,0.7913231455746698
whole_oriented_area,500,100,6600,7099,2023-07-07 23:54:21.630,2023-08-27 06:31:12.000,2023-08-18 06:28:48.730,50.27558298611111,9.94518552153095,500,1.4,maxc,0.7299167122992741,0.04172481955701456,291,reliable,True,0.7299167122992741,0.7925422010156092
whole_oriented_area,500,100,6700,7199,2023-07-26 01:04:49.700,2023-08-29 15:11:20.050,2023-08-25 07:18:05.700,34.587851273148146,14.455942812156385,500,1.8,maxc,0.8062829272382155,0.06678589137636619,163,reliable,True,0.7626324303041244,0.7940285670719254
whole_oriented_area,500,100,6800,7299,2023-08-10 00:45:47.230,2023-08-31 02:58:35.220,2023-08-26 15:09:04.640,21.092222106481483,23.705420769599886,500,1.8,maxc,0.839747423645734,0.06171222016146229,189,reliable,True,0.790242059150501,0.7942512293896788
whole_oriented_area,500,100,6900,7399,2023-08-24 23:02:53.230,2023-09-04 18:53:24.720,2023-08-28 09:02:13.770,10.82675335648148,46.18189622844534,500,1.5,maxc,0.7626324303041244,0.03922761858943458,301,reliable,True,0.790242059150501,0.794345110387191
whole_oriented_area,500,100,7000,7499,2023-08-25 14:51:09.210,2023-09-11 22:35:54.940,2023-08-30 10:47:25.370,17.32275150462963,28.8637748954819,500,1.5,maxc,0.790242059150501,0.04467630128560669,276,reliable,True,0.7626324303041244,0.7944859125687395
whole_oriented_area,500,100,7100,7599,2023-08-27 07:25:02.340,2023-09-25 07:43:16.550,2023-09-01 19:30:10.490,29.012664467592593,17.233853187062653,500,1.5,maxc,0.7603899499443308,0.04533194649228289,261,reliable,True,0.7626324303041244,0.7946863655757094
whole_oriented_area,500,100,7200,7699,2023-08-29 15:13:37.980,2023-10-15 23:21:04.260,2023-09-07 05:22:54.760,47.338498611111106,10.5622276723969,500,1.5,maxc,0.7400864411810002,0.046682840579844356,238,reliable,True,0.790242059150501,0.7954727671269876
whole_oriented_area,500,100,7300,7799,2023-08-31 03:02:07.870,2023-11-05 19:39:43.800,2023-09-18 00:13:28.160,66.6927769675926,7.497063741144868,500,1.5,maxc,0.808306763702281,0.05900533511782719,224,reliable,True,0.808306763702281,0.7973736659582605
whole_oriented_area,500,100,7400,7899,2023-09-04 22:31:12.800,2023-11-24 07:30:53.130,2023-10-03 03:24:25.540,80.37477233796297,6.220857433941841,500,1.5,maxc,0.8153860470442503,0.05758007511493061,234,reliable,True,0.8153860470442503,0.8007110386197729
whole_oriented_area,500,100,7500,7999,2023-09-12 02:28:54.230,2023-12-16 23:57:54.320,2023-10-26 12:36:51.780,95.89513993055556,5.21402857706955,500,1.5,maxc,0.831773918401978,0.05620802598439734,255,reliable,True,0.831773918401978,0.8058434827013979
whole_oriented_area,500,100,7600,8099,2023-09-25 17:56:32.540,2024-01-01 07:38:04.910,2023-11-14 14:44:15.840,97.57051354166666,5.12449900949306,500,1.4,maxc,0.8428535332268708,0.048440742839201245,308,reliable,True,0.8428535332268708,0.8083418659594064
whole_oriented_area,500,100,7700,8199,2023-10-15 23:23:54.350,2024-01-18 07:13:35.470,2023-12-05 12:23:16.180,94.32617037037038,5.3007558563732315,500,1.7,maxc,0.8750976545743423,0.06693260167570358,196,reliable,True,0.8475244699613428,0.810267567019399
whole_oriented_area,500,100,7800,8299,2023-11-05 21:50:03.580,2024-02-11 14:53:30.100,2023-12-25 01:28:15.360,97.7107236111111,5.117145606146579,500,1.7,maxc,0.8683953744138178,0.06554171167889009,197,reliable,True,0.8683953744138178,0.8105929407217994
whole_oriented_area,500,100,7900,8399,2023-11-24 13:15:19.140,2024-02-28 17:39:24.600,2024-01-07 01:50:04.760,96.18339652777777,5.198402406756347,500,1.8,maxc,0.8475244699613428,0.07366397783155676,153,reliable,True,0.8683953744138178,0.8104490302172769
whole_oriented_area,500,100,8000,8499,2023-12-17 00:50:03.530,2024-03-27 16:24:42.900,2024-02-01 09:35:52.130,101.6490667824074,4.918884312733661,500,1.8,maxc,0.8691046577385863,0.0782617294167565,146,reliable,True,0.8607661240244117,0.8062001985597275
whole_oriented_area,500,100,8100,8599,2024-01-01 10:23:09.160,2024-04-16 04:34:15.900,2024-02-24 03:11:39.040,105.75771689814815,4.7277873867259625,500,1.5,maxc,0.845449220639948,0.05577623536674667,245,reliable,True,0.8475244699613428,0.8051701664841315
whole_oriented_area,500,100,8200,8699,2024-01-18 12:35:13.510,2024-05-06 09:02:37.160,2024-03-11 10:39:30.960,108.85235706018518,4.593377796344334,500,1.5,maxc,0.8607661240244117,0.05956944106958264,226,reliable,True,0.845449220639948,0.8059057042049717
whole_oriented_area,500,100,8300,8799,2024-02-11 20:58:45.960,2024-05-26 00:14:28.550,2024-04-08 13:40:44.230,104.13590960648148,4.801417703935624,500,1.5,maxc,0.8342672338725431,0.057480922233840166,212,reliable,True,0.8423268318504502,0.807483597973296
whole_oriented_area,500,100,8400,8899,2024-02-28 18:49:26.550,2024-06-14 00:43:38.820,2024-04-28 07:54:57.270,106.24597534722221,4.706060614211044,500,1.5,maxc,0.8423268318504502,0.05723278596160195,186,reliable,True,0.8342672338725431,0.807818844720818
whole_oriented_area,500,100,8500,8999,2024-03-27 22:06:49.020,2024-07-04 02:13:47.050,2024-05-16 13:49:29.840,98.17150497685185,5.093127584403402,500,1.2,maxc,0.8283907671817113,0.04457027342670085,323,reliable,True,0.8283907671817113,0.807441732297725
whole_oriented_area,500,100,8600,9099,2024-04-16 13:08:33.030,2024-07-18 14:58:50.610,2024-06-03 19:08:33.990,93.07659236111111,5.371919913657131,500,1.5999999999999999,maxc,0.7998376148738079,0.061149010861111776,164,reliable,True,0.8275797089800602,0.8066254334256742
whole_oriented_area,500,100,8700,9199,2024-05-06 15:48:32.270,2024-07-28 13:18:05.770,2024-06-22 22:26:52.040,82.89552662037038,6.031688564930743,500,1.5,maxc,0.8129425079888114,0.06045850774698742,204,reliable,True,0.8179355155940062,0.806093116284706
whole_oriented_area,500,100,8800,9299,2024-05-26 00:51:44.280,2024-07-30 02:54:47.860,2024-07-11 04:26:50.440,65.08545810185186,7.682207586486568,500,1.5,maxc,0.8275797089800602,0.05845496580693118,220,reliable,True,0.8129425079888114,0.8075183229801302
whole_oriented_area,500,100,8900,9399,2024-06-14 01:45:56.170,2024-08-02 07:11:17.390,2024-07-26 03:36:52.830,49.225940046296294,10.157246352832615,500,1.5,maxc,0.8179355155940062,0.058575195365085556,229,reliable,True,0.8129425079888114,0.8085174077651193
whole_oriented_area,500,100,9000,9499,2024-07-04 13:28:22.080,2024-08-06 23:06:20.590,2024-07-29 07:07:37.540,33.401371643518516,14.969445127473506,500,1.5999999999999999,maxc,0.7172764875797047,0.05441374191615076,197,reliable,True,0.7172764875797047,0.8087707966715606
whole_oriented_area,500,100,9100,9599,2024-07-19 06:35:32.180,2024-08-13 07:53:40.260,2024-07-31 04:51:22.750,25.054260185185186,19.956685861179594,500,1.5999999999999999,maxc,0.6659893660288282,0.046164639956796524,207,reliable,True,0.6887181206530127,0.808725498897414
whole_oriented_area,500,100,9200,9699,2024-07-28 13:23:51.570,2024-08-24 16:30:31.630,2024-08-04 05:19:16.940,27.129630324074075,18.430033657934292,500,1.5999999999999999,maxc,0.6887181206530127,0.046847941486328926,210,reliable,True,0.6878190748535095,0.8090568588121245
whole_oriented_area,500,100,9300,9799,2024-07-30 03:20:27.530,2024-09-10 15:53:02.260,2024-08-09 22:28:50.650,42.52262418981481,11.758446462948116,500,1.3,maxc,0.6878190748535095,0.040137053508100054,330,reliable,True,0.6878190748535095,0.8090042983483817
whole_oriented_area,500,100,9400,9899,2024-08-02 07:14:49.280,2024-09-28 06:41:11.960,2024-08-16 17:29:05.530,56.97665138888888,8.775524496645057,500,1.7,maxc,0.6249659764024016,0.04696373276594433,167,reliable,True,0.6887181206530127,0.8091491135141622
whole_oriented_area,500,100,9500,9999,2024-08-06 23:53:28.180,2024-10-18 08:36:55.280,2024-09-04 13:08:15.220,72.36350810185185,6.909559985624917,500,1.7,maxc,0.7060444795606104,0.053771933723465525,164,reliable,True,0.7060444795606104,0.8085889194625006
whole_oriented_area,500,100,9600,10099,2024-08-13 09:09:49.110,2024-11-09 19:12:19.840,2024-09-22 11:35:32.440,88.41841122685186,5.654930834678407,500,1.7,maxc,0.7707679168566959,0.06474014435473717,154,reliable,True,0.7707679168566959,0.8080304819798773
whole_oriented_area,500,100,9700,10199,2024-08-24 18:30:00.100,2024-11-29 17:18:13.470,2024-10-09 03:43:38.020,96.95015474537037,5.1572893443357435,500,1.7,maxc,0.8246360069446879,0.07413518829742606,147,reliable,True,0.8246360069446879,0.807886311190358
whole_oriented_area,500,100,9800,10299,2024-09-10 21:16:06.550,2024-12-25 07:40:38.580,2024-10-28 09:08:14.080,105.43370405092591,4.742316553333772,500,1.7,maxc,0.9535618493943478,0.07912822552747306,165,reliable,True,0.8663309686045645,0.808016816009937
whole_oriented_area,500,100,9900,10399,2024-09-28 09:05:51.150,2025-01-05 04:55:53.600,2024-11-19 08:43:07.770,98.82641724537037,5.0593759638030695,500,1.5999999999999999,maxc,0.9054122626967858,0.06580562983888273,207,reliable,True,0.8667157368981319,0.8084247775010682
whole_oriented_area,500,100,10000,10499,2024-10-18 09:18:46.360,2025-01-15 23:31:32.980,2024-12-12 09:26:27.280,89.59220625,5.580842585847137,500,1.5,maxc,0.8663309686045645,0.05621014480995398,253,reliable,True,0.8667157368981319,0.8094859599034541
whole_oriented_area,500,100,10100,10599,2024-11-09 19:14:22.130,2025-02-05 01:54:01.680,2025-01-03 16:12:48.270,87.27754108796296,5.728850673005021,500,1.5,maxc,0.8667157368981319,0.05864257257859862,237,reliable,True,0.8663309686045645,0.8119459642143042
whole_oriented_area,500,100,10200,10699,2024-11-29 22:58:31.070,2025-02-25 00:02:17.960,2025-01-10 03:54:09.660,87.04429270833333,5.744201996969431,500,1.5999999999999999,maxc,0.8381655565184616,0.058584328892341046,205,reliable,True,0.8612156370927108,0.8130390242750425
whole_oriented_area,500,100,10300,10799,2024-12-25 08:54:35.840,2025-03-16 07:38:12.120,2025-01-27 01:07:15.130,80.9469476851852,6.17688516118699,500,1.5999999999999999,maxc,0.7787378550597915,0.05539201438457848,196,reliable,True,0.8612156370927108,0.8168425024918279
whole_oriented_area,500,100,10400,10899,2025-01-05 05:37:02.290,2025-04-06 22:52:52.260,2025-02-14 06:49:16.110,91.71932835648148,5.4514136655762675,500,1.5999999999999999,maxc,0.8612156370927108,0.0654804407865964,177,reliable,True,0.8612156370927108,0.8227559002094228
whole_oriented_area,500,100,10500,10999,2025-01-16 02:03:12.470,2025-04-28 20:33:56.860,2025-03-09 05:25:23.320,102.77134710648149,4.865169272150822,500,1.5999999999999999,maxc,0.8978461954817775,0.07041477878816367,175,reliable,True,0.8612156370927108,0.831436042751428
whole_oriented_area,500,100,10600,11099,2025-02-05 09:00:39.220,2025-05-17 05:33:12.900,2025-03-27 11:54:35.440,100.85594537037036,4.957565943820808,500,1.5,maxc,0.8936696665789522,0.06288594406064651,207,reliable,True,0.8612156370927108,0.8324976820043393
whole_oriented_area,500,100,10700,11199,2025-02-25 01:46:58.690,2025-06-06 23:37:00.770,2025-04-17 11:55:13.300,101.90974629629629,4.906302077784404,500,1.1,maxc,0.770266977779991,0.03761498857541108,366,reliable,True,0.8082319311460162,0.8278090538128628
whole_oriented_area,500,100,10800,11299,2025-03-16 13:01:41.740,2025-06-22 09:41:29.730,2025-05-08 17:48:02.730,97.86097210648148,5.109289119425007,500,1.1,maxc,0.7867654583753784,0.039887471699267846,342,reliable,True,0.7936668348934197,0.822473970606282
whole_oriented_area,500,100,10900,11399,2025-04-06 23:29:14.160,2025-07-02 12:54:19.640,2025-05-28 00:02:09.910,86.55909120370372,5.776400757527892,500,1.2,maxc,0.8082319311460162,0.04811100234302109,288,reliable,True,0.7867654583753784,0.8186637550411324
whole_oriented_area,500,100,11000,11499,2025-04-29 10:51:49.250,2025-07-16 07:12:13.110,2025-06-14 23:27:12.590,77.84749837962963,6.422813968429782,500,1.1,maxc,0.7936668348934197,0.046105860713892416,313,reliable,True,0.7932848947398972,0.8138242816706459
whole_oriented_area,500,100,11100,11599,2025-05-17 06:39:21.430,2025-07-28 06:16:19.070,2025-06-27 21:46:51.580,71.98400046296295,6.945987952659826,500,1.1,maxc,0.7852669508438049,0.04376495152879674,329,reliable,True,0.7936668348934197,0.8091165607214451
whole_oriented_area,500,100,11200,11699,2025-06-07 00:38:08.920,2025-08-10 16:37:43.020,2025-07-08 04:25:25.510,64.66636689814814,7.731994605287135,500,1.4,maxc,0.7932848947398972,0.05982616695642141,197,reliable,True,0.7936668348934197,0.8065237456503005
whole_oriented_area,500,100,11300,11799,2025-06-22 09:52:22.460,2025-08-25 06:04:12.480,2025-07-23 08:23:38.150,63.8415511574074,7.831889904541989,500,1.4,maxc,0.8228093259060387,0.058509055031986106,199,reliable,True,0.8004896757885178,0.8056728608296435
whole_oriented_area,500,100,11400,11899,2025-07-02 12:57:22.860,2025-09-16 04:52:20.600,2025-08-02 17:24:56.660,75.66316828703704,6.6082350411654955,500,1.3,maxc,0.8004896757885178,0.05119614278223191,253,reliable,True,0.8228093259060387,0.8037424594057653
whole_oriented_area,500,100,11500,11999,2025-07-16 11:01:04.300,2025-10-06 22:18:21.480,2025-08-19 15:39:22.770,82.47033773148148,6.062785890703762,500,1.4,maxc,0.8825094986603594,0.061567858968984285,226,reliable,True,0.8228093259060387,0.7955599499065247
whole_oriented_area,500,100,11600,12099,2025-07-28 09:21:58.040,2025-10-28 05:49:05.850,2025-09-05 04:23:34.860,91.85217372685185,5.443529311422613,500,1.4,maxc,0.873295991802017,0.05617432678143868,245,reliable,True,0.8004896757885178,0.7915048560909804
whole_oriented_area,500,100,11700,12199,2025-08-10 17:03:56.230,2025-11-04 10:16:58.380,2025-09-29 00:31:21.320,85.71738599537038,5.833122349613008,500,1.5999999999999999,maxc,0.7555833050683662,0.06240312846042406,183,reliable,True,0.7555833050683662,0.7742669408810325
whole_oriented_area,500,100,11800,12299,2025-08-25 06:11:24.060,2025-11-07 21:05:19.560,2025-10-15 08:23:10.820,74.62078125,6.700546303915842,500,1.5999999999999999,maxc,0.7355316103919871,0.05645671975698771,215,reliable,True,0.7355316103919871,0.7132556254988078
whole_oriented_area,500,100,11900,12399,2025-09-16 06:16:55.340,2025-11-08 14:02:14.540,2025-11-03 19:14:41.050,53.32313888888889,9.376792334784826,500,1.5999999999999999,maxc,0.7218366804344772,0.055450683878846926,247,reliable,True,0.7218366804344772,0.6921727910775781
whole_oriented_area,500,100,12000,12499,2025-10-07 01:08:48.470,2025-11-08 22:52:44.010,2025-11-06 01:49:43.590,32.90550393518519,15.19502636959649,500,1.5999999999999999,maxc,0.5814491245572361,0.03744599393591528,305,reliable,True,0.5814491245572361,0.6954073657109666
whole_oriented_area,500,100,12100,12599,2025-10-28 08:13:53.710,2025-11-09 02:55:44.610,2025-11-08 03:14:18.910,11.779061342592593,42.44820410197041,500,1.8,maxc,0.5251116349401638,0.03612494036481174,237,reliable,True,0.5251116349401638,0.7003987325826716
whole_oriented_area,500,100,12200,12699,2025-11-04 10:36:23.730,2025-11-09 08:10:50.730,2025-11-08 21:11:09.360,4.898923611111111,102.06323668039323,500,1.8,maxc,0.5012139165300741,0.03431123819733278,235,reliable,True,0.5012139165300741,0.7029854042668336
whole_oriented_area,500,100,12300,12799,2025-11-07 21:06:33.710,2025-11-09 10:16:22.720,2025-11-09 00:58:14.150,1.548483912037037,322.8964770723694,500,1.8,maxc,0.3754802115358951,0.018938970413564245,299,reliable,True,0.41078798616998546,0.7035909557590413
whole_oriented_area,500,100,12400,12899,2025-11-08 14:03:31.620,2025-11-09 12:43:57.450,2025-11-09 05:41:22.820,0.9447434027777778,529.2442355563184,500,1.8,maxc,0.3829198065249688,0.016754365026027705,351,reliable,True,0.4078933935349455,0.7043753970577467
whole_oriented_area,500,100,12500,12999,2025-11-08 22:54:27.850,2025-11-09 15:42:39.680,2025-11-09 09:15:23.870,0.7001369212962963,714.1460260005359,500,1.8,maxc,0.41078798616998546,0.01796514148309185,362,reliable,True,0.4078933935349455,0.7049897335351023
whole_oriented_area,500,100,12600,13099,2025-11-09 02:56:19.020,2025-11-09 19:15:18.660,2025-11-09 11:23:27.760,0.6798569444444444,735.4488382972725,500,1.8,maxc,0.4078933935349455,0.01733244924890272,374,reliable,True,0.41078798616998546,0.7053660267250572
whole_oriented_area,500,100,12700,13199,2025-11-09 08:11:26.270,2025-11-09 23:33:54.360,2025-11-09 14:20:19.980,0.6406028935185185,780.5147386296438,500,2.5,maxc,0.5093312639224646,0.030613272840043254,219,reliable,True,0.5093312639224646,0.7058962331061805
whole_oriented_area,500,100,12800,13299,2025-11-09 10:17:31.220,2025-11-10 03:46:35.100,2025-11-09 17:27:33.910,0.7285171296296296,686.3256602548175,500,1.8,maxc,0.5464071227403899,0.024554995876983496,375,reliable,True,0.5464071227403899,0.7064705116036808
whole_oriented_area,500,100,12900,13399,2025-11-09 12:45:40.130,2025-11-10 08:08:13.320,2025-11-09 21:13:27.060,0.807328587962963,619.3265139558491,500,1.8,maxc,0.5770285465718619,0.02994041084289432,347,reliable,True,0.5770285465718619,0.7071806243585492
whole_oriented_area,500,100,13000,13499,2025-11-09 15:43:17.660,2025-11-10 13:39:59.610,2025-11-10 01:42:09.780,0.9143744212962963,546.8219455342557,500,1.8,maxc,0.5963319487724855,0.03242331802139339,345,reliable,True,0.5963319487724855,0.7080489156447151
whole_oriented_area,500,100,13100,13599,2025-11-09 19:22:17.910,2025-11-10 19:46:07.390,2025-11-10 06:34:56.990,1.0165449074074073,491.8621856807077,500,2.0,maxc,0.6580899887790795,0.04261982730382109,268,reliable,True,0.6580899887790795,0.7090223132180514
whole_oriented_area,500,100,13200,13699,2025-11-09 23:35:20.860,2025-11-11 04:03:39.940,2025-11-10 10:21:38.830,1.1863319444444445,421.46719755923664,500,2.0,maxc,0.6750459519706955,0.046279678786490565,243,reliable,True,0.6750459519706955,0.7097940221485584
whole_oriented_area,500,100,13300,13799,2025-11-10 03:54:10.650,2025-11-11 13:20:50.940,2025-11-10 16:31:13.810,1.393521875,358.8031224841734,500,2.0,maxc,0.786038546726551,0.0585017539754854,224,reliable,True,0.786038546726551,0.7110820669939204
whole_oriented_area,500,100,13400,13899,2025-11-10 08:09:48.220,2025-11-12 00:39:09.380,2025-11-10 23:52:42.090,1.687050462962963,296.37524838578395,500,2.0,maxc,0.8088503199864504,0.056708560368716666,217,reliable,True,0.8088503199864504,0.7126607939972629
whole_oriented_area,500,100,13500,13999,2025-11-10 13:40:34.610,2025-11-12 08:10:32.150,2025-11-11 08:37:22.490,1.7708048611111111,282.35748104185205,500,1.8,maxc,0.8310646498635674,0.051816863265542606,271,reliable,True,0.8088503199864504,0.7146781846129122
whole_oriented_area,500,100,13600,14099,2025-11-10 19:48:31.610,2025-11-12 18:39:06.820,2025-11-11 18:45:52.100,1.951796412037037,256.17425921905635,500,1.8,maxc,0.8504392488542263,0.05553173150200833,252,reliable,True,0.8088503199864504,0.7174092869999283
whole_oriented_area,500,100,13700,14199,2025-11-11 04:09:00.290,2025-11-13 08:59:30.620,2025-11-12 03:57:40.290,2.2017399305555556,227.09312442448058,500,1.8,maxc,0.7906028949987092,0.052628712180563225,239,reliable,True,0.8310646498635674,0.719806721649605
whole_oriented_area,500,100,13800,14299,2025-11-11 13:42:19.450,2025-11-14 01:11:36.410,2025-11-12 13:51:35.690,2.478668518518518,201.72120485834319,500,1.7,maxc,0.7766738671377889,0.04958463604506462,272,reliable,True,0.8488480471935351,0.7223027004238913
whole_oriented_area,500,100,13900,14399,2025-11-12 00:39:43.420,2025-11-14 22:16:14.550,2025-11-13 01:32:42.530,2.900360300925926,172.3923747819805,500,1.8,maxc,0.8488480471935351,0.061704041876537816,215,reliable,True,0.8488480471935351,0.7251350021700714
whole_oriented_area,500,100,14000,14499,2025-11-12 08:30:11.780,2025-11-15 17:27:58.310,2025-11-13 17:24:05.900,3.3734552083333336,148.21598898508174,500,1.8,maxc,0.8956964984231306,0.06602060844633502,205,reliable,True,0.8488480471935351,0.7287799414985809
whole_oriented_area,500,100,14100,14599,2025-11-12 18:48:44.820,2025-11-16 21:26:31.370,2025-11-14 10:18:10.590,4.109566550925925,121.66733250428689,500,1.5999999999999999,maxc,0.8892834761496071,0.059184060156666655,287,reliable,True,0.8488480471935351,0.7324197067461254
whole_oriented_area,500,100,14200,14699,2025-11-13 09:03:56.190,2025-11-17 21:59:26.070,2025-11-15 07:22:35.100,4.538540277777778,110.16758019052259,500,1.5999999999999999,maxc,0.8468990134115433,0.05518505751680099,298,reliable,True,0.8468990134115433,0.7366923948454892
whole_oriented_area,500,100,14300,14799,2025-11-14 01:11:57.220,2025-11-19 02:23:19.880,2025-11-16 08:04:50.410,5.049567824074074,99.01837492234966,500,1.5999999999999999,maxc,0.8370090774763405,0.05346477902479052,298,reliable,True,0.8370090774763405,0.7417713272059927
whole_oriented_area,500,100,14400,14899,2025-11-14 22:43:44.990,2025-11-20 04:51:36.510,2025-11-17 16:15:02.390,5.255457407407407,95.1391974550617,500,1.5999999999999999,maxc,0.8280060008021963,0.053295804409214054,297,reliable,True,0.8280060008021963,0.7486086602289662
whole_oriented_area,500,100,14500,14999,2025-11-15 17:42:31.870,2025-11-21 12:56:12.770,2025-11-18 09:22:35.860,5.801167824074074,86.18954237542768,500,1.5999999999999999,maxc,0.7345875839824035,0.04646833404693562,298,reliable,True,0.8244551785592549,0.7523497671538347
whole_oriented_area,500,100,14600,15099,2025-11-16 21:31:16.130,2025-11-23 03:50:50.710,2025-11-19 11:17:55.330,6.263594675925925,79.8263658281954,500,1.7,maxc,0.756588001192234,0.04941038527348308,267,reliable,True,0.8244551785592549,0.758118363582141
whole_oriented_area,500,100,14700,15199,2025-11-17 22:12:34.100,2025-11-24 23:46:13.570,2025-11-20 19:50:46.980,7.065040162037037,70.77100604277908,500,1.7,maxc,0.8244551785592549,0.05485247306571133,254,reliable,True,0.8244551785592549,0.7654369948170417
whole_oriented_area,500,100,14800,15299,2025-11-19 02:24:56.550,2025-11-27 16:34:43.160,2025-11-22 01:50:37.790,8.590122800925926,58.20638558812049,500,1.7,maxc,0.8632761417817154,0.05776683118695476,243,reliable,True,0.8285988040731735,0.7720811572861651
whole_oriented_area,500,100,14900,15399,2025-11-20 05:14:46.900,2025-11-30 17:47:44.150,2025-11-24 04:13:38.510,10.522884837962962,47.515487216601606,500,1.7,maxc,0.8285988040731735,0.05724527808668861,243,reliable,True,0.843032303762575,0.7793951792785286
whole_oriented_area,500,100,15000,15499,2025-11-21 13:00:37.300,2025-12-04 22:03:29.500,2025-11-26 11:29:14.620,13.376993055555555,37.37760780195267,500,1.7,maxc,0.8948008732583365,0.05915808435229529,232,reliable,True,0.843032303762575,0.7893929508932135
whole_oriented_area,500,100,15100,15599,2025-11-23 05:55:26.300,2025-12-08 02:46:19.300,2025-11-29 01:51:30.240,14.868668981481482,33.627757845893015,500,1.5,maxc,0.843032303762575,0.04780595554973465,310,reliable,True,0.8285988040731735,0.7988560430429906
whole_oriented_area,500,100,15200,15699,2025-11-24 23:57:11.990,2025-12-11 08:35:02.380,2025-12-02 14:00:04.560,16.359610995370367,30.563073910589672,500,1.5,maxc,0.8226813808244503,0.04733258923905582,307,reliable,True,0.8226813808244503,0.8068968138123415
whole_oriented_area,500,100,15300,15799,2025-11-27 16:41:31.270,2025-12-16 23:48:40.310,2025-12-07 00:50:22.690,19.296632407407408,25.91125692004501,500,1.5,maxc,0.7963059371513314,0.04550617052723744,324,reliable,True,0.8060750178565692,0.8056798917256501
whole_oriented_area,500,100,15400,15899,2025-11-30 18:45:56.710,2025-12-21 16:29:12.550,2025-12-09 17:10:30.470,20.905044444444446,23.917672183322047,500,1.5999999999999999,maxc,0.8050936476433397,0.05462845514904975,266,reliable,True,0.8050936476433397,0.8063118013074372
whole_oriented_area,500,100,15500,15999,2025-12-05 04:12:23.480,2025-12-28 15:48:57.630,2025-12-14 12:40:14.620,23.48372858796296,21.291337877933262,500,1.5,maxc,0.8060750178565692,0.04907662651386168,310,reliable,True,0.7963059371513314,0.8070154424321679
whole_oriented_area,500,100,15600,16099,2025-12-08 02:52:01.680,2025-12-31 23:24:22.120,2025-12-19 04:35:46.940,23.85579212962963,20.959270490078783,500,1.5,maxc,0.7494887571054178,0.04665818377548367,314,reliable,True,0.8050936476433397,0.8079306054630335
whole_oriented_area,500,100,15700,16199,2025-12-11 09:10:49.000,2026-01-05 17:30:34.980,2025-12-24 12:57:45.370,25.347059953703702,19.726153680673335,500,1.5,maxc,0.7772742157686693,0.05087349853238579,303,reliable,True,0.8060750178565692,0.8094276789809789
whole_oriented_area,500,100,15800,16299,2025-12-17 00:33:01.050,2026-01-14 06:18:52.750,2025-12-31 14:40:27.720,28.240181712962965,17.70526851002829,500,1.5,maxc,0.8089166322251388,0.055118070857690854,294,reliable,True,0.7932824028896833,0.807671562384125
whole_oriented_area,500,100,15900,16399,2025-12-21 16:37:34.190,2026-01-21 23:20:48.740,2026-01-02 21:09:05.000,31.280029513888888,15.984639649332529,500,1.5,maxc,0.853079605819033,0.05592491785428205,303,reliable,True,0.8089166322251388,0.8055165504804904
whole_oriented_area,500,100,16000,16499,2025-12-28 16:20:49.450,2026-01-30 11:06:34.830,2026-01-09 23:41:53.380,32.78177523148148,15.25237716595142,500,1.5,maxc,0.7932824028896833,0.05387924728158973,296,reliable,True,0.8089166322251388,0.795720224379308
whole_oriented_area,500,100,16100,16599,2025-12-31 23:51:38.000,2026-02-08 08:25:54.300,2026-01-18 07:33:28.200,38.35713310185185,13.035385065727459,500,1.5,maxc,0.8532639507351467,0.05699517519796117,292,reliable,True,0.8042660440947648,0.7769623592717145
whole_oriented_area,500,100,16200,16699,2026-01-05 17:53:53.410,2026-02-17 04:06:12.170,2026-01-25 12:21:28.230,42.42521712962963,11.785443512811197,500,1.5,maxc,0.8042660440947648,0.05135797774762543,307,reliable,True,0.8003908705068399,0.7560575651637121
whole_oriented_area,500,100,16300,16799,2026-01-14 06:28:19.580,2026-03-02 14:52:28.340,2026-02-04 04:20:27.190,47.35010138888889,10.55963947982864,500,1.5,maxc,0.8003908705068399,0.05225133378821316,290,reliable,True,0.8003908705068399,0.7375569172687197
whole_oriented_area,500,100,16400,16899,2026-01-21 23:22:46.200,2026-03-08 16:58:59.140,2026-02-11 21:38:08.020,45.73348310185185,10.932908803085542,500,1.5,maxc,0.6940676410631488,0.04588365346087733,292,reliable,True,0.7169322465507487,0.7269119110121343
whole_oriented_area,500,100,16500,16999,2026-01-30 11:07:47.140,2026-03-13 14:54:44.140,2026-02-23 08:25:17.890,42.157604166666665,11.860256527465141,500,1.5,maxc,0.7169322465507487,0.04680720558825819,294,reliable,True,0.6940676410631488,0.7019316043731192
whole_oriented_area,500,100,16600,17099,2026-02-08 10:33:41.060,2026-03-20 12:32:33.460,2026-03-06 08:08:22.620,40.08255092592592,12.474255965495285,500,1.5,maxc,0.6911957773474742,0.04524853458771797,285,reliable,True,0.6911957773474742,0.6652678421267769
whole_oriented_area,500,100,16700,17199,2026-02-17 06:37:19.500,2026-03-26 15:56:51.240,2026-03-09 22:47:21.530,37.38856180555556,13.373073898919136,500,1.5,maxc,0.5769724666096326,0.0359929494823435,288,reliable,True,0.5769724666096326,0.6536555403585332
whole_oriented_area,500,100,16800,17299,2026-03-02 20:25:10.860,2026-03-26 22:22:26.790,2026-03-17 20:27:34.560,24.081434375,20.762882817274043,500,1.5,maxc,0.5199969043882913,0.030230893906459045,304,reliable,True,0.5573052681432072,0.6343657721118525
whole_oriented_area,500,100,16900,17399,2026-03-08 18:10:52.080,2026-03-27 10:28:05.070,2026-03-26 14:28:40.790,18.678622569444446,26.76856915658912,500,1.5,maxc,0.5573052681432072,0.03263382005607513,290,reliable,True,0.5573052681432072,0.6232630003987296
whole_oriented_area,500,100,17000,17499,2026-03-13 15:10:41.830,2026-03-28 08:19:31.620,2026-03-26 19:18:55.570,14.714465162037037,33.98016811987077,500,1.5,maxc,0.5364678049170543,0.0314814693720805,279,reliable,True,0.5573052681432072,0.6232668888261905
whole_oriented_area,500,100,17100,17599,2026-03-20 12:41:44.630,2026-03-29 14:25:16.830,2026-03-27 03:24:20.120,9.071900462962962,55.115243166666716,500,1.4,maxc,0.56273978990162,0.032098946074754456,311,reliable,True,0.56273978990162,0.623305287471532
whole_oriented_area,500,100,17200,17699,2026-03-26 15:58:31.020,2026-04-01 17:17:20.560,2026-03-27 19:17:14.560,6.054740046296296,82.57992848195879,500,1.5,maxc,0.6961319259108546,0.04659138540011321,246,reliable,True,0.6961319259108546,0.6239996438851918
whole_oriented_area,500,100,17300,17799,2026-03-26 22:27:01.900,2026-04-06 12:36:05.670,2026-03-29 03:46:01.020,10.589626967592594,47.21601634600998,500,1.5,maxc,0.8338048163785111,0.05372713662650124,236,reliable,True,0.7216173508115098,0.6243102661951375
whole_oriented_area,500,100,17400,17899,2026-03-27 10:38:15.310,2026-04-14 11:49:38.730,2026-03-30 21:51:43.460,18.04957662037037,27.70148078906796,500,1.5,maxc,0.8239528093419153,0.05643907021112867,225,reliable,True,0.7216173508115098,0.6256115088493679
whole_oriented_area,500,100,17500,17999,2026-03-28 08:27:26.000,2026-04-20 08:08:53.130,2026-04-04 04:33:06.910,22.987119560185185,21.75131158520724,500,1.5,maxc,0.7216173508115098,0.05832343413172976,233,reliable,True,0.7216173508115098,0.6379209879866125
whole_oriented_area,500,100,17600,18099,2026-03-29 14:56:36.480,2026-04-20 09:57:02.470,2026-04-09 08:39:26.850,21.791967476851852,22.944233949096912,500,1.5,maxc,0.44519473503056495,0.024244246576788267,292,reliable,True,0.5693338673396,0.6552816533529554
whole_oriented_area,500,100,17700,18199,2026-04-01 17:46:50.130,2026-04-20 11:58:36.280,2026-04-17 15:34:00.950,18.758173032407406,26.65504786293308,500,1.5999999999999999,maxc,0.39096140719628714,0.01701912756991609,315,reliable,True,0.568287613473327,0.612634150032153
whole_oriented_area,500,100,17800,18299,2026-04-06 13:59:51.330,2026-04-20 14:12:27.830,2026-04-20 09:02:52.190,14.008755787037037,35.69196348348606,500,2.6,maxc,0.5693338673396,0.03756809584565035,187,reliable,True,0.4883574249331609,0.6525804765407972
whole_oriented_area,500,100,17900,18399,2026-04-14 12:07:17.730,2026-04-20 16:39:20.890,2026-04-20 11:00:13.730,6.188925462962963,80.78946870376812,500,2.6,maxc,0.568287613473327,0.036530232944787265,196,reliable,True,0.568287613473327,0.6547430625345826
whole_oriented_area,500,100,18000,18499,2026-04-20 08:10:04.260,2026-04-20 19:27:25.330,2026-04-20 13:19:44.310,0.47038275462962964,1062.964139477627,500,2.0,maxc,0.4883574249331609,0.019719689743403514,343,reliable,True,0.5693338673396,0.6572411925264899
whole_oriented_area,500,100,18100,18599,2026-04-20 09:58:46.040,2026-04-20 22:13:24.330,2026-04-20 15:16:39.710,0.5101653935185185,980.0743177650494,500,2.0,maxc,0.5930034537351703,0.02797397281522379,297,reliable,True,0.5885665612330155,0.6592744498035591
whole_oriented_area,500,100,18200,18699,2026-04-20 12:00:45.480,2026-04-21 01:58:29.940,2026-04-20 17:57:33.790,0.5817645833333334,859.4541749777079,500,1.7,maxc,0.5885665612330155,0.024981282829024096,355,reliable,True,0.5930034537351703,0.6618752823207694
whole_oriented_area,500,100,18300,18799,2026-04-20 14:14:01.120,2026-04-21 05:29:10.850,2026-04-20 20:54:13.230,0.6355292824074075,786.7458098956232,500,1.7,maxc,0.6267806166425162,0.030490383566388245,322,reliable,True,0.6267806166425162,0.6642116421693649
whole_oriented_area,500,100,18400,18899,2026-04-20 16:39:46.030,2026-04-21 08:26:08.560,2026-04-21 00:07:56.800,0.6572052083333333,760.7973790530292,500,1.7,maxc,0.6430709463632748,0.0317362804060054,301,reliable,True,0.6430709463632748,0.6667559215089285
whole_oriented_area,500,100,18500,18999,2026-04-20 19:32:14.780,2026-04-21 11:52:59.480,2026-04-21 03:45:16.830,0.6810729166666666,734.1357845311474,500,1.7,maxc,0.6739941549951797,0.0353307555081442,276,reliable,True,0.6739941549951797,0.669587845053419
whole_oriented_area,500,100,18600,19099,2026-04-20 22:16:28.070,2026-04-21 15:58:06.770,2026-04-21 06:51:13.530,0.7372534722222222,678.1928045627305,500,1.7,maxc,0.7238687514896962,0.04130246576167878,259,reliable,True,0.7098916769146019,0.6719917796104495
whole_oriented_area,500,100,18700,19199,2026-04-21 02:02:06.580,2026-04-21 20:23:40.490,2026-04-21 10:09:58.310,0.7649758101851852,653.6154390018687,500,1.7,maxc,0.7098916769146019,0.04477874138565143,255,reliable,True,0.7238687514896962,0.6745416513125068
whole_oriented_area,500,100,18800,19299,2026-04-21 05:32:45.730,2026-04-22 00:51:14.900,2026-04-21 13:47:50.920,0.8045042824074073,621.5007314862198,500,1.7,maxc,0.7645280196695494,0.04744901356696448,251,reliable,True,0.7461522884537801,0.6773134270704952
whole_oriented_area,500,100,18900,19399,2026-04-21 08:26:39.080,2026-04-22 06:20:29.840,2026-04-21 18:27:30.510,0.9123930555555555,548.0094318512215,500,1.7,maxc,0.7461522884537801,0.04878951182810866,233,reliable,True,0.7461522884537801,0.6808344430172991
whole_oriented_area,500,100,19000,19499,2026-04-21 11:53:02.270,2026-04-22 11:41:05.730,2026-04-21 22:30:22.260,0.9917067129629631,504.181320408863,500,1.7,maxc,0.7463361829690418,0.04885886384679495,237,reliable,True,0.7461522884537801,0.6838578799435807
whole_oriented_area,500,100,19100,19599,2026-04-21 16:02:31.380,2026-04-22 16:54:31.740,2026-04-22 03:31:41.090,1.0361152777777778,482.5717859043462,500,1.5,maxc,0.701964695427427,0.0396989747485635,327,reliable,True,0.7289612214381441,0.6875634656325254
whole_oriented_area,500,100,19200,19699,2026-04-21 20:26:04.740,2026-04-23 01:06:35.840,2026-04-22 08:57:15.790,1.1948043981481482,418.47853989737587,500,1.5,maxc,0.7032022963013117,0.038105947544167976,322,reliable,True,0.724150802611147,0.6915092238560937
whole_oriented_area,500,100,19300,19799,2026-04-22 00:52:02.070,2026-04-23 07:49:57.950,2026-04-22 13:59:23.180,1.2902300925925927,387.5277773093157,500,1.5,maxc,0.7289612214381441,0.040136646132966775,318,reliable,True,0.7032022963013117,0.695115408485361
whole_oriented_area,500,100,19400,19899,2026-04-22 06:25:03.940,2026-04-23 14:56:18.490,2026-04-22 21:15:00.370,1.3550295138888888,368.99565276996583,500,1.5,maxc,0.724150802611147,0.039468812519262896,313,reliable,True,0.7197806093664122,0.7002202506867111
whole_oriented_area,500,100,19500,19999,2026-04-22 11:42:34.300,2026-04-23 23:41:06.400,2026-04-23 04:16:39.660,1.498982638888889,333.5595670211509,500,1.5,maxc,0.6864604245147163,0.03719782667627786,312,reliable,True,0.724150802611147,0.7050558553440005
whole_oriented_area,500,100,19600,20099,2026-04-22 16:56:44.780,2026-04-24 07:49:03.850,2026-04-23 11:50:49.810,1.619665162037037,308.70578173772344,500,1.7,maxc,0.7197806093664122,0.04666775255368786,221,reliable,True,0.724150802611147,0.7096408266906767
whole_oriented_area,500,100,19700,20199,2026-04-23 01:07:10.320,2026-04-24 18:00:29.900,2026-04-23 20:21:07.720,1.7036988425925925,293.4790982419923,500,1.7,maxc,0.7903528923835214,0.05647718693906327,198,reliable,True,0.7903528923835214,0.7140766476330521
whole_oriented_area,500,100,19800,20299,2026-04-23 07:52:57.250,2026-04-25 07:23:26.600,2026-04-24 03:59:34.420,1.9795063657407408,252.5882253543032,500,1.7,maxc,0.7964106025881881,0.05750747195198065,190,reliable,True,0.7964106025881881,0.7186384996185723
whole_oriented_area,500,100,19900,20399,2026-04-23 14:58:09.740,2026-04-25 16:55:52.550,2026-04-24 12:58:56.720,2.081745486111111,240.18305952186557,500,1.7,maxc,0.814530619442311,0.0625282484066793,177,reliable,True,0.814530619442311,0.7238777529911148
whole_oriented_area,500,100,20000,20499,2026-04-23 23:43:05.360,2026-04-26 06:41:06.650,2026-04-24 23:29:34.690,2.2902927083333333,218.31270657271338,500,1.7,maxc,0.8868226659377948,0.0744193441529435,169,reliable,True,0.814530619442311,0.7298172952389272
whole_oriented_area,500,100,20100,20599,2026-04-24 07:57:04.620,2026-04-26 18:33:16.620,2026-04-25 12:48:58.890,2.4418055555555553,204.76650929981233,500,1.4,maxc,0.845503396187156,0.049409180583881836,311,reliable,True,0.8218675618735003,0.7370290494638316
whole_oriented_area,500,100,20200,20699,2026-04-24 18:10:34.050,2026-04-27 13:42:26.120,2026-04-25 23:56:50.130,2.8137971064814815,177.6958256330095,500,1.4,maxc,0.8100864220103492,0.04611117780560186,308,reliable,True,0.8218675618735003,0.7427480482747351
whole_oriented_area,500,100,20300,20799,2026-04-25 07:27:21.860,2026-04-28 06:46:26.740,2026-04-26 13:44:16.760,2.9715842592592594,168.26041477438613,500,1.8,maxc,0.8218675618735003,0.07319926784328086,140,reliable,True,0.8100864220103492,0.749394105153467
whole_oriented_area,500,100,20400,20899,2026-04-25 17:05:18.840,2026-04-29 02:46:53.470,2026-04-27 05:11:09.750,3.4038730324074074,146.89149543464973,500,1.8,maxc,0.763883458634547,0.061103552083596226,155,reliable,True,0.763883458634547,0.7561996353762644
whole_oriented_area,500,100,20500,20999,2026-04-26 06:43:52.390,2026-04-29 19:38:46.450,2026-04-27 22:05:01.240,3.5381256944444446,141.31776063950997,500,1.8,maxc,0.757865111478349,0.05861951065708036,151,reliable,True,0.757865111478349,0.7628467378714652
whole_oriented_area,500,100,20600,21099,2026-04-26 19:29:00.950,2026-04-30 15:34:29.630,2026-04-28 16:38:51.310,3.8371375,130.30546859475325,500,1.8,maxc,0.7276072494322835,0.051964287989800524,145,reliable,True,0.7371236836966366,0.7671957151011978
whole_oriented_area,500,100,20700,21199,2026-04-27 13:44:01.120,2026-05-01 13:06:38.770,2026-04-29 10:51:50.160,3.9740468750000004,125.81633174621273,500,1.7,maxc,0.7371236836966366,0.051345945239876775,170,reliable,True,0.7371236836966366,0.772927701101041
whole_oriented_area,500,100,20800,21299,2026-04-28 06:55:24.080,2026-05-02 12:45:34.310,2026-04-30 04:44:24.330,4.243173958333333,117.83631897014986,500,1.5999999999999999,maxc,0.7313127483121564,0.04361183896864282,232,reliable,True,0.7371236836966366,0.7768318659656325
whole_oriented_area,500,100,20900,21399,2026-04-29 02:58:16.270,2026-05-03 13:31:22.890,2026-05-01 01:29:38.160,4.439659953703703,112.62123793577577,500,1.5999999999999999,maxc,0.7956745726196385,0.05025712882917534,226,reliable,True,0.7723967024689925,0.7814932517090102
whole_oriented_area,500,100,21000,21499,2026-04-29 19:43:56.670,2026-05-04 17:17:32.300,2026-05-02 01:18:42.170,4.898329050925926,102.07562513700167,500,1.5999999999999999,maxc,0.7723967024689925,0.04782569247141192,240,reliable,True,0.7723967024689925,0.784971122788552
whole_oriented_area,500,100,21100,21599,2026-04-30 15:35:16.030,2026-05-05 05:25:19.050,2026-05-02 23:08:45.600,4.576423842592593,109.25561468903297,500,1.5999999999999999,maxc,0.7982512234332987,0.049006461853248605,272,reliable,True,0.7723967024689925,0.7859800394541021
whole_oriented_area,500,100,21200,21699,2026-05-01 13:26:20.920,2026-05-05 22:13:56.950,2026-05-04 04:24:15.090,4.366389236111112,114.51109210898495,500,1.5,maxc,0.7474846544338947,0.04079159654515714,299,reliable,True,0.7723967024689925,0.7865618903614109
whole_oriented_area,500,100,21300,21799,2026-05-02 12:48:19.480,2026-05-06 18:34:24.140,2026-05-05 00:53:53.830,4.240331712962963,117.91530329371835,500,1.4,maxc,0.7392830298335517,0.04035597779822462,319,reliable,True,0.7982512234332987,0.7883839648806061
whole_oriented_area,500,100,21400,21899,2026-05-03 14:04:48.050,2026-05-07 16:53:35.330,2026-05-05 11:49:42.670,4.117213888888889,121.44134686549762,500,1.7,maxc,0.8112266404103802,0.063544175588769,191,reliable,True,0.8112266404103802,0.7904262854355174
whole_oriented_area,500,100,21500,21999,2026-05-04 17:33:04.970,2026-05-08 17:11:57.790,2026-05-06 08:21:55.070,3.9853335648148147,125.46001278646631,500,1.7,maxc,0.8230963411599351,0.06923123876181872,178,reliable,True,0.8230963411599351,0.7957324588181807
whole_oriented_area,500,100,21600,22099,2026-05-05 05:27:35.450,2026-05-09 20:38:56.830,2026-05-07 06:16:49.640,4.632886342592593,107.92408080535748,500,1.7,maxc,0.875285987680905,0.07382525112971423,163,reliable,True,0.8230963411599351,0.8022776211218704
whole_oriented_area,500,100,21700,22199,2026-05-05 22:14:30.530,2026-05-10 23:51:19.110,2026-05-08 05:48:35.830,5.067228935185185,98.67326035501634,500,1.7,maxc,0.8720151379826766,0.07317016721555587,171,reliable,True,0.8230963411599351,0.8095546070973477
whole_oriented_area,500,100,21800,22299,2026-05-06 18:39:38.350,2026-05-11 20:24:15.600,2026-05-09 06:08:48.140,5.0726533564814815,98.56774450419226,500,1.7,maxc,0.8018432515832825,0.06288950113919868,190,reliable,True,0.8018432515832825,0.8171029292738405
whole_oriented_area,500,100,21900,22399,2026-05-07 17:37:56.170,2026-05-12 13:21:34.000,2026-05-10 08:54:06.050,4.821965625,103.69215354993328,500,1.7,maxc,0.7349735849220339,0.054620274216835074,182,reliable,True,0.778122634731336,0.8253314863663691
whole_oriented_area,500,100,22000,22499,2026-05-08 17:22:04.320,2026-05-13 12:02:23.570,2026-05-11 08:14:56.030,4.778000578703704,104.64628284654844,500,1.4,maxc,0.766098184691005,0.04315182483267691,305,reliable,True,0.766098184691005,0.8324319719180147
whole_oriented_area,500,100,22100,22599,2026-05-09 20:49:05.600,2026-05-14 18:32:09.690,2026-05-12 04:24:36.690,4.904908449074075,101.93870185169055,500,1.5,maxc,0.778122634731336,0.0507680248968041,239,reliable,True,0.766098184691005,0.8385146015232827
whole_oriented_area,500,100,22200,22699,2026-05-10 23:57:16.570,2026-05-15 20:44:45.440,2026-05-12 23:41:49.360,4.866306365740741,102.74733286832237,500,1.4,maxc,0.7259671194105338,0.04676263833320721,264,reliable,True,0.778122634731336,0.8443117210472987
whole_oriented_area,500,100,22300,22799,2026-05-11 20:37:08.220,2026-05-17 00:17:20.330,2026-05-14 02:24:49.050,5.152917939814815,97.03240102790555,500,1.4,maxc,0.8248435554007804,0.05933865906162015,242,reliable,True,0.8248435554007804,0.8523593563482361
whole_oriented_area,500,100,22400,22899,2026-05-12 13:24:56.520,2026-05-17 16:24:57.920,2026-05-15 08:52:02.270,5.125016203703704,97.5606671523622,500,1.4,maxc,0.888680300502788,0.06501145020612088,250,reliable,True,0.888680300502788,0.8616642312225933
whole_oriented_area,500,100,22500,22999,2026-05-13 12:16:18.780,2026-05-18 17:33:33.640,2026-05-16 11:02:02.120,5.220310879629629,95.77973640441009,500,1.4,maxc,0.9151903992931754,0.07037132787381421,251,reliable,True,0.9151903992931754,0.8698647900817907
whole_oriented_area,500,100,22600,23099,2026-05-14 18:55:53.710,2026-05-19 21:02:15.470,2026-05-17 05:03:29.250,5.087751851851852,98.27523325808605,500,1.4,maxc,0.9246513351325717,0.07124386375114486,247,reliable,True,0.9199208672128736,0.8756585027836353
whole_oriented_area,500,100,22700,23199,2026-05-15 20:50:21.940,2026-05-21 05:40:33.840,2026-05-18 04:37:58.450,5.3681932870370375,93.14120659689843,500,1.3,maxc,0.9676546500142886,0.058598368139827155,300,reliable,True,0.9246513351325717,0.8834362539283733
