mainshock_id,window_days,space_type,space_label,space_value_km,side,event_count,event_rate_per_day,m4plus_count,m4plus_rate_per_day,m5plus_count,m5plus_rate_per_day,m6plus_count,m6plus_rate_per_day,magbin_<4_count,magbin_4_5_count,magbin_5_6_count,magbin_ge6_count,largest_event_mag,largest_event_time,largest_event_distance_km,largest_event_depth_diff_km
M1,7,cumulative_radius,<=30 km,30.0,pre,507,72.42857142857143,18,2.5714285714285716,8,1.1428571428571428,1,0.14285714285714285,489,10,7,1,6.9,2025-11-09 08:03:39.230000+00:00,0.16560596965586397,0.08999999999999986
M1,7,cumulative_radius,<=30 km,30.0,post,1424,203.42857142857142,48,6.857142857142857,17,2.4285714285714284,3,0.42857142857142855,1376,31,14,3,6.6,2025-11-09 08:54:38.490000+00:00,10.701275805519526,-2.0
M1,7,cumulative_radius,<=60 km,60.0,pre,533,76.14285714285714,20,2.857142857142857,8,1.1428571428571428,1,0.14285714285714285,513,12,7,1,6.9,2025-11-09 08:03:39.230000+00:00,0.16560596965586397,0.08999999999999986
M1,7,cumulative_radius,<=60 km,60.0,post,1782,254.57142857142858,55,7.857142857142857,20,2.857142857142857,3,0.42857142857142855,1727,35,17,3,6.6,2025-11-09 08:54:38.490000+00:00,10.701275805519526,-2.0
M1,7,cumulative_radius,<=100 km,100.0,pre,568,81.14285714285714,21,3.0,8,1.1428571428571428,1,0.14285714285714285,547,13,7,1,6.9,2025-11-09 08:03:39.230000+00:00,0.16560596965586397,0.08999999999999986
M1,7,cumulative_radius,<=100 km,100.0,post,1803,257.57142857142856,55,7.857142857142857,20,2.857142857142857,3,0.42857142857142855,1748,35,17,3,6.6,2025-11-09 08:54:38.490000+00:00,10.701275805519526,-2.0
M1,14,cumulative_radius,<=30 km,30.0,pre,513,36.642857142857146,18,1.2857142857142858,8,0.5714285714285714,1,0.07142857142857142,495,10,7,1,6.9,2025-11-09 08:03:39.230000+00:00,0.16560596965586397,0.08999999999999986
M1,14,cumulative_radius,<=30 km,30.0,post,1715,122.5,50,3.5714285714285716,18,1.2857142857142858,3,0.21428571428571427,1665,32,15,3,6.6,2025-11-09 08:54:38.490000+00:00,10.701275805519526,-2.0
M1,14,cumulative_radius,<=60 km,60.0,pre,547,39.07142857142857,20,1.4285714285714286,8,0.5714285714285714,1,0.07142857142857142,527,12,7,1,6.9,2025-11-09 08:03:39.230000+00:00,0.16560596965586397,0.08999999999999986
M1,14,cumulative_radius,<=60 km,60.0,post,2309,164.92857142857142,59,4.214285714285714,22,1.5714285714285714,3,0.21428571428571427,2250,37,19,3,6.6,2025-11-09 08:54:38.490000+00:00,10.701275805519526,-2.0
M1,14,cumulative_radius,<=100 km,100.0,pre,595,42.5,21,1.5,8,0.5714285714285714,1,0.07142857142857142,574,13,7,1,6.9,2025-11-09 08:03:39.230000+00:00,0.16560596965586397,0.08999999999999986
M1,14,cumulative_radius,<=100 km,100.0,post,2442,174.42857142857142,61,4.357142857142857,22,1.5714285714285714,3,0.21428571428571427,2381,39,19,3,6.6,2025-11-09 08:54:38.490000+00:00,10.701275805519526,-2.0
M1,25,cumulative_radius,<=30 km,30.0,pre,516,20.64,18,0.72,8,0.32,1,0.04,498,10,7,1,6.9,2025-11-09 08:03:39.230000+00:00,0.16560596965586397,0.08999999999999986
M1,25,cumulative_radius,<=30 km,30.0,post,1974,78.96,52,2.08,18,0.72,3,0.12,1922,34,15,3,6.6,2025-11-09 08:54:38.490000+00:00,10.701275805519526,-2.0
M1,25,cumulative_radius,<=60 km,60.0,pre,560,22.4,20,0.8,8,0.32,1,0.04,540,12,7,1,6.9,2025-11-09 08:03:39.230000+00:00,0.16560596965586397,0.08999999999999986
M1,25,cumulative_radius,<=60 km,60.0,post,2649,105.96,61,2.44,22,0.88,3,0.12,2588,39,19,3,6.6,2025-11-09 08:54:38.490000+00:00,10.701275805519526,-2.0
M1,25,cumulative_radius,<=100 km,100.0,pre,641,25.64,21,0.84,8,0.32,1,0.04,620,13,7,1,6.9,2025-11-09 08:03:39.230000+00:00,0.16560596965586397,0.08999999999999986
M1,25,cumulative_radius,<=100 km,100.0,post,2862,114.48,63,2.52,22,0.88,3,0.12,2799,41,19,3,6.6,2025-11-09 08:54:38.490000+00:00,10.701275805519526,-2.0
M2,7,cumulative_radius,<=30 km,30.0,pre,5,0.7142857142857143,0,0.0,0,0.0,0,0.0,5,0,0,0,1.7,2025-12-03 05:08:23.400000+00:00,22.627196364261398,-10.64
M2,7,cumulative_radius,<=30 km,30.0,post,623,89.0,4,0.5714285714285714,1,0.14285714285714285,0,0.0,619,3,1,0,5.9,2025-12-08 14:33:39.270000+00:00,26.685215737230994,-11.869999999999997
M2,7,cumulative_radius,<=60 km,60.0,pre,13,1.8571428571428572,0,0.0,0,0.0,0,0.0,13,0,0,0,3.0,2025-12-07 14:13:58.830000+00:00,45.188084292306215,-27.34
M2,7,cumulative_radius,<=60 km,60.0,post,1862,266.0,25,3.5714285714285716,6,0.8571428571428571,2,0.2857142857142857,1837,19,4,2,6.9,2025-12-12 02:44:13.420000+00:00,57.32449271180654,-37.0
M2,7,cumulative_radius,<=100 km,100.0,pre,40,5.714285714285714,0,0.0,0,0.0,0,0.0,40,0,0,0,3.3,2025-12-07 09:32:59.860000+00:00,69.74846334174308,0.7800000000000011
M2,7,cumulative_radius,<=100 km,100.0,post,3465,495.0,45,6.428571428571429,9,1.2857142857142858,4,0.5714285714285714,3420,36,5,4,6.9,2025-12-12 02:44:13.420000+00:00,57.32449271180654,-37.0
M2,14,cumulative_radius,<=30 km,30.0,pre,10,0.7142857142857143,0,0.0,0,0.0,0,0.0,10,0,0,0,1.9,2025-11-29 07:50:01.800000+00:00,27.90502645261207,-11.409999999999997
M2,14,cumulative_radius,<=30 km,30.0,post,765,54.642857142857146,5,0.35714285714285715,2,0.14285714285714285,0,0.0,760,3,2,0,5.9,2025-12-08 14:33:39.270000+00:00,26.685215737230994,-11.869999999999997
M2,14,cumulative_radius,<=60 km,60.0,pre,25,1.7857142857142858,0,0.0,0,0.0,0,0.0,25,0,0,0,3.0,2025-12-07 14:13:58.830000+00:00,45.188084292306215,-27.34
M2,14,cumulative_radius,<=60 km,60.0,post,2578,184.14285714285714,27,1.9285714285714286,7,0.5,2,0.14285714285714285,2551,20,5,2,6.9,2025-12-12 02:44:13.420000+00:00,57.32449271180654,-37.0
M2,14,cumulative_radius,<=100 km,100.0,pre,66,4.714285714285714,0,0.0,0,0.0,0,0.0,66,0,0,0,3.3,2025-12-07 09:32:59.860000+00:00,69.74846334174308,0.7800000000000011
M2,14,cumulative_radius,<=100 km,100.0,post,4787,341.92857142857144,49,3.5,11,0.7857142857142857,4,0.2857142857142857,4738,38,7,4,6.9,2025-12-12 02:44:13.420000+00:00,57.32449271180654,-37.0
M2,25,cumulative_radius,<=30 km,30.0,pre,49,1.96,1,0.04,0,0.0,0,0.0,48,1,0,0,4.8,2025-11-18 08:21:20.980000+00:00,28.132550047741386,-9.049999999999997
M2,25,cumulative_radius,<=30 km,30.0,post,885,35.4,5,0.2,2,0.08,0,0.0,880,3,2,0,5.9,2025-12-08 14:33:39.270000+00:00,26.685215737230994,-11.869999999999997
M2,25,cumulative_radius,<=60 km,60.0,pre,68,2.72,1,0.04,0,0.0,0,0.0,67,1,0,0,4.8,2025-11-18 08:21:20.980000+00:00,28.132550047741386,-9.049999999999997
M2,25,cumulative_radius,<=60 km,60.0,post,3183,127.32,30,1.2,8,0.32,2,0.08,3153,22,6,2,6.9,2025-12-12 02:44:13.420000+00:00,57.32449271180654,-37.0
M2,25,cumulative_radius,<=100 km,100.0,pre,139,5.56,1,0.04,0,0.0,0,0.0,138,1,0,0,4.8,2025-11-18 08:21:20.980000+00:00,28.132550047741386,-9.049999999999997
M2,25,cumulative_radius,<=100 km,100.0,post,5745,229.8,53,2.12,12,0.48,4,0.16,5692,41,8,4,6.9,2025-12-12 02:44:13.420000+00:00,57.32449271180654,-37.0
M3,7,cumulative_radius,<=30 km,30.0,pre,41,5.857142857142857,1,0.14285714285714285,1,0.14285714285714285,1,0.14285714285714285,40,0,0,1,7.7,2026-04-20 07:52:58.050000+00:00,0.1579404846486562,-0.08999999999999986
M3,7,cumulative_radius,<=30 km,30.0,post,1588,226.85714285714286,26,3.7142857142857144,5,0.7142857142857143,0,0.0,1562,21,5,0,5.5,2026-04-20 08:33:35.150000+00:00,29.952528671002213,-6.929999999999998
M3,7,cumulative_radius,<=60 km,60.0,pre,84,12.0,1,0.14285714285714285,1,0.14285714285714285,1,0.14285714285714285,83,0,0,1,7.7,2026-04-20 07:52:58.050000+00:00,0.1579404846486562,-0.08999999999999986
M3,7,cumulative_radius,<=60 km,60.0,post,2453,350.42857142857144,40,5.714285714285714,12,1.7142857142857142,0,0.0,2413,28,12,0,5.6,2026-04-20 12:56:46.650000+00:00,37.66050887988819,-7.429999999999998
M3,7,cumulative_radius,<=100 km,100.0,pre,202,28.857142857142858,1,0.14285714285714285,1,0.14285714285714285,1,0.14285714285714285,201,0,0,1,7.7,2026-04-20 07:52:58.050000+00:00,0.1579404846486562,-0.08999999999999986
M3,7,cumulative_radius,<=100 km,100.0,post,2959,422.7142857142857,43,6.142857142857143,12,1.7142857142857142,0,0.0,2916,31,12,0,5.6,2026-04-20 12:56:46.650000+00:00,37.66050887988819,-7.429999999999998
M3,14,cumulative_radius,<=30 km,30.0,pre,72,5.142857142857143,1,0.07142857142857142,1,0.07142857142857142,1,0.07142857142857142,71,0,0,1,7.7,2026-04-20 07:52:58.050000+00:00,0.1579404846486562,-0.08999999999999986
M3,14,cumulative_radius,<=30 km,30.0,post,1850,132.14285714285714,26,1.8571428571428572,5,0.35714285714285715,0,0.0,1824,21,5,0,5.5,2026-04-20 08:33:35.150000+00:00,29.952528671002213,-6.929999999999998
M3,14,cumulative_radius,<=60 km,60.0,pre,162,11.571428571428571,2,0.14285714285714285,1,0.07142857142857142,1,0.07142857142857142,160,1,0,1,7.7,2026-04-20 07:52:58.050000+00:00,0.1579404846486562,-0.08999999999999986
M3,14,cumulative_radius,<=60 km,60.0,post,3073,219.5,44,3.142857142857143,12,0.8571428571428571,0,0.0,3029,32,12,0,5.6,2026-04-20 12:56:46.650000+00:00,37.66050887988819,-7.429999999999998
M3,14,cumulative_radius,<=100 km,100.0,pre,360,25.714285714285715,2,0.14285714285714285,1,0.07142857142857142,1,0.07142857142857142,358,1,0,1,7.7,2026-04-20 07:52:58.050000+00:00,0.1579404846486562,-0.08999999999999986
M3,14,cumulative_radius,<=100 km,100.0,post,3773,269.5,47,3.357142857142857,12,0.8571428571428571,0,0.0,3726,35,12,0,5.6,2026-04-20 12:56:46.650000+00:00,37.66050887988819,-7.429999999999998
M3,25,cumulative_radius,<=30 km,30.0,pre,153,6.12,1,0.04,1,0.04,1,0.04,152,0,0,1,7.7,2026-04-20 07:52:58.050000+00:00,0.1579404846486562,-0.08999999999999986
M3,25,cumulative_radius,<=30 km,30.0,post,1850,74.0,26,1.04,5,0.2,0,0.0,1824,21,5,0,5.5,2026-04-20 08:33:35.150000+00:00,29.952528671002213,-6.929999999999998
M3,25,cumulative_radius,<=60 km,60.0,pre,654,26.16,14,0.56,3,0.12,2,0.08,640,11,1,2,7.7,2026-04-20 07:52:58.050000+00:00,0.1579404846486562,-0.08999999999999986
M3,25,cumulative_radius,<=60 km,60.0,post,3073,122.92,44,1.76,12,0.48,0,0.0,3029,32,12,0,5.6,2026-04-20 12:56:46.650000+00:00,37.66050887988819,-7.429999999999998
M3,25,cumulative_radius,<=100 km,100.0,pre,1077,43.08,17,0.68,3,0.12,2,0.08,1060,14,1,2,7.7,2026-04-20 07:52:58.050000+00:00,0.1579404846486562,-0.08999999999999986
M3,25,cumulative_radius,<=100 km,100.0,post,3773,150.92,47,1.88,12,0.48,0,0.0,3726,35,12,0,5.6,2026-04-20 12:56:46.650000+00:00,37.66050887988819,-7.429999999999998
