station_code,station_number,latitude,longitude,elevation_m,matched
A.ASMS,5572,40.885667,140.874,-3.0,True
A.CHOG,5550,41.327167,140.815333,0.0,True
A.HGTZ,5571,40.982833,140.904,-11.0,True
A.HRDA,5549,41.448833,140.881,2.0,True
A.IIZM,5576,,,,False
A.KKNI,5582,41.724833,140.544333,-13.0,True
A.KRUC,5565,40.846167,141.352833,5.0,True
A.KSWN,5584,41.790667,141.150667,27.0,True
A.MYGA,5504,38.524,141.471,13.0,True
A.MYGB,5505,38.375167,141.463333,-83.0,True
A.MYGC,5506,38.413833,141.169333,-87.0,True
A.NZWA,5574,40.7055,140.7625,152.0,True
A.SGMR,5559,41.293667,141.397333,9.0,True
A.SMFR,5555,41.46,141.1075,34.0,True
A.SRNK,5561,41.170833,141.3735,17.0,True
A.STBS,5577,40.943667,140.626,13.0,True
A.STDJ,5569,40.848667,140.985,132.0,True
A.TNAB,5556,41.3145,141.158667,98.0,True
A.TRDT,5580,41.1415,140.629667,9.0,True
A.TSRN,5583,41.773667,140.8915,82.0,True
A.WKNS,5552,41.145167,140.774833,-5.0,True
A.YNKW,5554,41.316833,140.963667,87.0,True
AIDA,608,,,,False
AIOI,610,,,,False
AKAIKE,618,,,,False
AKKESH,522,42.998667,144.6925,20.0,True
AOGASM,5821,,,,False
AOHIGA,5802,41.265333,141.337333,50.0,True
ARCADI,5812,,,,False
ASHIBE,523,,,,False
ASHIKA,558,,,,False
ASHORO,518,43.299333,143.765667,210.0,True
ATSUMA,5799,42.622667,141.9205,12.0,True
ATSUMI,582,,,,False
AWASHI,550,38.459,139.245333,70.0,True
AWJNGS,5853,,,,False
BEPPUA,5785,,,,False
BIRAT2,667,42.780833,142.359833,170.0,True
CASHIK,5857,,,,False
CHONAN,5858,,,,False
CHURUI,519,42.616833,143.3585,120.0,True
E.SOB1,1141,39.166667,143.239167,-2480.0,True
E.SOB2,1142,39.203,142.984333,-1840.0,True
E.SOB3,1143,39.245167,142.498,-1057.0,True
EDANAR,5805,40.205667,141.709833,74.0,True
EIGENJ,661,,,,False
ENIWA,509,42.842667,141.446167,185.0,True
ERIMO,517,42.0185,143.1535,40.0,True
FJNAKA,5823,,,,False
FOSAKI,5808,38.602167,140.911167,29.0,True
FURANO,507,43.166,142.589667,360.0,True
FURUDN,5813,,,,False
GOTSU2,5795,,,,False
HACHJ3,651,,,,False
HACHJK,5782,,,,False
HAGIMI,5849,,,,False
HAKUI,575,,,,False
HAMNAK,5796,43.082833,145.160833,48.0,True
HANNO2,5859,,,,False
HATUMA,5822,,,,False
HEGURA,573,,,,False
HEGURI,593,,,,False
HICHIY,5833,,,,False
HIKIMI,681,,,,False
HINAI,532,40.191333,140.632333,140.0,True
HIROMI,685,,,,False
HITACH,559,,,,False
HOKURY,504,43.745333,141.721,195.0,True
HR.IWS,1134,40.478667,139.956833,110.0,True
HR.MMA,1109,41.161167,140.41,90.0,True
HR.TMR,1125,41.100833,141.383833,130.0,True
HU.AKK,1027,43.019167,144.839667,80.0,True
HU.ERM,1041,,,,False
HU.ESH,1015,41.886667,141.0075,40.0,True
HU.HAM,1011,43.6155,141.379333,76.0,True
HU.HIC,1010,42.892833,142.454833,210.0,True
HU.HSS,1012,42.967167,141.228833,215.0,True
HU.HTU,1044,43.2075,145.324833,75.0,True
HU.IMG,1033,42.392667,140.140333,80.0,True
HU.IWN,1028,42.673,143.042333,35.0,True
HU.KKJ,1035,41.78,140.172333,30.0,True
HU.KMU,1029,42.241333,142.9635,185.0,True
HU.KNP,1025,43.762667,143.708167,180.0,True
HU.KUT,1057,,,,False
HU.MED,1045,43.144833,141.258667,-495.0,True
HU.MUD,1064,42.377833,142.698667,180.0,True
HU.MUJ,1009,42.2855,142.582,35.0,True
HU.MYR,1008,42.294667,143.2835,80.0,True
HU.NTK,1051,,,,False
HU.OON,1038,41.921667,140.588833,150.0,True
HU.RUS,1006,,,,False
HU.SKB,1013,43.240833,143.032833,460.0,True
HU.SRK,1018,,,,False
HU.STZ,1047,42.970667,141.461,-383.0,True
HU.TES,1037,43.485667,144.398833,220.0,True
HU.TKD,1052,43.238833,142.930833,438.0,True
HU.TKO,1073,42.784333,141.940333,65.0,True
HU.TMO,1072,42.763333,141.775333,21.0,True
HU.URH,1007,42.928667,143.67,100.0,True
HU2NUK,1068,43.366167,143.193333,532.0,True
HYAKUZ,5804,,,,False
ICHIAK,5826,,,,False
ICHINM,539,38.954667,141.216333,70.0,True
IKI,621,,,,False
IKUMA,602,,,,False
ISE,583,,,,False
ITAHOR,5815,,,,False
ITAYA,663,,,,False
IWAKMZ,703,,,,False
IWASAK,531,40.5955,140.0035,330.0,True
IYASAT,560,,,,False
IZUMOZ,553,,,,False
IZUSIM,566,,,,False
JOUGE,607,,,,False
KAGA,576,,,,False
KAMIAS,505,44.118833,142.593,220.0,True
KAMIK2,676,43.875167,142.744167,350.0,True
KASAI,598,,,,False
KASUMI,679,,,,False
KATADA,659,,,,False
KAWAUC,546,37.3695,140.871167,520.0,True
KAYABE,514,,,,False
KHARUN,5831,,,,False
KIHOKU,5718,,,,False
KIRAGA,689,,,,False
KITAK2,5875,,,,False
KOBUCH,5809,38.310667,141.4655,58.0,True
KOUYA2,5868,,,,False
KOZUSH,586,,,,False
KUBOKA,612,,,,False
KUDAMA,616,,,,False
KUNI,557,,,,False
KUNIMI,624,,,,False
KUROKA,580,,,,False
KUROMA,658,,,,False
KUSIMO,5829,,,,False
KUZUMA,535,39.987333,141.326333,620.0,True
LG.IKM,1157,41.483333,140.983333,35.0,True
LG.NKD,1158,40.394833,141.292333,92.0,True
LG.OAT,1156,40.629667,140.799,805.0,True
LG.SBG,1154,40.641,141.272667,-230.0,True
LG.UTB,1155,40.4425,140.950833,340.0,True
M.KOB1,1053,41.687,144.3945,-2329.0,True
M.KOB2,1054,41.940833,145.056167,-3428.0,True
M.KOB3,1055,42.252833,144.810667,-2124.0,True
MARUMO,545,37.869,140.789667,100.0,True
MARUSE,508,44.009333,143.355833,460.0,True
MIHAMA,577,,,,False
MIKI,660,,,,False
MIKURA,5820,,,,False
MIMANA,5830,,,,False
MINABE,595,,,,False
MITSUS,5850,,,,False
MIYKE4,5855,,,,False
MIYKNA,5730,39.576667,141.819667,200.0,True
MIYOSH,5673,,,,False
MMIHAM,5827,,,,False
MONOBE,611,,,,False
MOTOYO,5807,38.810833,141.473833,67.0,True
MSOUMA,5846,,,,False
N.201S,6573,37.842833,141.3845,-102.0,True
N.203S,6575,37.707333,141.965,-462.0,True
N.204S,6576,37.673833,142.2975,-786.0,True
N.205S,6577,37.601667,142.623667,-1781.0,True
N.206S,6578,37.525833,142.935,-2945.0,True
N.207S,6579,37.429,143.226667,-4767.0,True
N.301S,6599,39.449667,142.457833,-940.0,True
N.302S,6600,39.374667,142.791833,-1622.0,True
N.303S,6601,39.323167,143.120667,-1890.0,True
N.304S,6602,39.295833,143.454333,-2490.0,True
N.305S,6603,39.190667,143.749833,-4308.0,True
N.306S,6604,39.045833,143.9305,-5440.0,True
N.307S,6605,38.830833,143.784667,-5231.0,True
N.308S,6606,38.782667,143.476833,-2465.0,True
N.309S,6607,38.773833,143.143667,-1779.0,True
N.310S,6608,38.866833,142.821167,-1310.0,True
N.311S,6609,38.934833,142.487333,-1168.0,True
N.312S,6610,38.841167,142.181667,-558.0,True
N.313S,6611,38.590167,142.181667,-573.0,True
N.314S,6612,38.499333,142.500167,-1092.0,True
N.315S,6613,38.448667,142.837667,-1472.0,True
N.316S,6614,38.426167,143.170333,-2420.0,True
N.317S,6615,38.397833,143.513833,-3020.0,True
N.318S,6616,38.306333,143.781,-5528.0,True
N.319S,6617,38.059333,143.744167,-5591.0,True
N.320S,6618,37.931167,143.5675,-5225.0,True
N.321S,6619,37.971333,143.245333,-2779.0,True
N.322S,6620,37.983833,142.907167,-1645.0,True
N.323S,6621,38.027,142.5735,-1220.0,True
N.324S,6622,38.056833,142.234,-849.0,True
N.325S,6623,38.097167,141.895667,-230.0,True
N.326S,6624,38.106,141.557167,-128.0,True
N.401S,6625,40.788167,141.7895,-139.0,True
N.402S,6626,40.906833,142.105667,-858.0,True
N.403S,6627,41.015667,142.431333,-1425.0,True
N.404S,6628,41.076167,142.770667,-1798.0,True
N.405S,6629,41.044333,143.113833,-1940.0,True
N.406S,6630,40.971833,143.448167,-1970.0,True
N.407S,6631,40.882,143.774667,-2613.0,True
N.408S,6632,40.7805,144.0905,-5060.0,True
N.409S,6633,40.552167,144.133167,-5095.0,True
N.410S,6634,40.432667,143.888667,-3897.0,True
N.411S,6635,40.435333,143.543,-2273.0,True
N.412S,6636,40.4515,143.2015,-1711.0,True
N.413S,6637,40.519667,142.961667,-1537.0,True
N.414S,6638,40.592667,142.634,-1393.0,True
N.415S,6639,40.593333,142.284333,-816.0,True
N.416S,6640,40.3295,142.267333,-559.0,True
N.417S,6641,40.1165,142.392667,-681.0,True
N.418S,6642,40.108833,142.622167,-969.0,True
N.419S,6643,40.090333,142.9695,-1256.0,True
N.420S,6644,40.074333,143.321,-1329.0,True
N.421S,6645,40.086333,143.657167,-2456.0,True
N.422S,6646,40.026,143.954667,-4107.0,True
N.423S,6647,39.771833,143.925833,-4358.0,True
N.424S,6648,39.638833,143.715333,-2936.0,True
N.425S,6649,39.697667,143.374833,-2228.0,True
N.426S,6650,39.7245,143.038333,-1569.0,True
N.427S,6651,39.7445,142.690333,-914.0,True
N.428S,6652,39.7385,142.340833,-569.0,True
N.501S,6653,42.768833,145.7115,-2052.0,True
N.502S,6654,42.640333,145.406333,-2042.0,True
N.503S,6655,42.480167,145.143333,-1985.0,True
N.504S,6656,42.228667,145.204,-3149.0,True
N.505S,6657,42.0615,145.437,-3813.0,True
N.506S,6658,41.884,145.654333,-5619.0,True
N.507S,6659,41.663667,145.529167,-5953.0,True
N.508S,6660,41.530167,145.248333,-5980.0,True
N.509S,6661,41.521,144.905,-5100.0,True
N.510S,6662,41.654167,144.671667,-4103.0,True
N.511S,6663,41.907167,144.6955,-2093.0,True
N.512S,6664,42.078333,144.6375,-1772.0,True
N.513S,6665,41.979167,144.3445,-1607.0,True
N.514S,6666,41.7475,144.177833,-1592.0,True
N.515S,6667,41.496167,144.087833,-1950.0,True
N.516S,6668,41.374167,143.800667,-2380.0,True
N.517S,6669,41.364333,143.453,-2023.0,True
N.518S,6670,41.435167,143.126333,-1509.0,True
N.519S,6671,41.560667,142.817667,-986.0,True
N.520S,6672,41.6095,142.478667,-1165.0,True
N.521S,6673,41.424833,142.219333,-1189.0,True
N.522S,6674,41.198833,142.027167,-1029.0,True
N.523S,6675,40.954,141.876167,-529.0,True
N.604S,6679,,,,False
N.605S,6680,41.371667,145.605333,-6680.0,True
N.606S,6681,40.899833,145.392833,-6012.0,True
N.607S,6682,40.536,144.938167,-6160.0,True
N.608S,6683,40.031833,144.808833,-5900.0,True
N.609S,6684,39.517167,144.719167,-6054.0,True
N.610S,6685,39.007167,144.5915,-6160.0,True
N.611S,6686,38.499,144.453667,-6118.0,True
N.612S,6687,37.987833,144.335667,-6111.0,True
N.613S,6688,37.486167,144.175667,-6174.0,True
N.AGWH,1596,43.084167,140.819833,-77.0,True
N.AJSH,2083,40.761833,140.312167,-112.0,True
N.AMAH,1573,42.648667,141.864167,-145.0,True
N.ANIH,2068,39.981833,140.407167,44.0,True
N.ANNH,1554,,,,False
N.ANSH,1550,43.114167,144.122833,-76.0,True
N.ASBH,1611,41.985833,140.308333,-18.0,True
N.ASRH,2026,40.139167,140.952833,207.0,True
N.ATKH,2105,37.731667,139.882167,229.0,True
N.AYEH,1526,43.382167,143.898333,224.0,True
N.AYWH,1528,43.270833,143.431667,-2.0,True
N.BEEH,1577,43.503833,142.600667,242.0,True
N.BKWH,1549,43.39,144.802167,-129.0,True
N.BREH,1563,42.706167,142.405333,120.0,True
N.BRWH,1565,42.703167,142.229667,-18.0,True
N.CCNH,1598,42.950167,140.8225,138.0,True
N.CHKH,2055,39.071833,140.3185,74.0,True
N.CTSH,1572,42.888,141.639833,-244.0,True
N.FBRH,1594,43.234167,140.622833,-73.0,True
N.FGTH,2045,38.710667,140.374333,-99.0,True
N.FRNH,1500,43.369667,142.340833,94.0,True
N.FSTH,2056,40.318833,140.234167,-76.0,True
N.FSWH,2006,38.865333,141.351167,18.0,True
N.HBTH,1524,43.121333,143.618667,-36.0,True
N.HHEH,2072,40.579333,141.445167,-142.0,True
N.HMNH,2009,39.455833,141.000167,119.0,True
N.HMSH,2023,39.343333,141.047333,-52.0,True
N.HNKH,1589,43.208333,145.116833,-226.0,True
N.HNRH,2063,39.174,140.712833,178.0,True
N.HOBH,1575,42.871333,142.1285,71.0,True
N.ICEH,2004,38.969,141.001333,16.0,True
N.IHEH,2017,40.081167,141.1915,328.0,True
N.IW2H,2115,39.0095,140.864,115.0,True
N.IWNH,2028,,,,False
N.IWZH,2018,39.802,141.652,209.0,True
N.KAIH,1607,41.837333,140.633167,-352.0,True
N.KAKH,2110,38.515833,141.342167,-202.0,True
N.KANH,2020,39.644167,141.597667,201.0,True
N.KASH,2021,39.463,141.6775,451.0,True
N.KGSH,2001,39.197833,141.011833,48.0,True
N.KHEH,2016,40.153333,141.4245,264.0,True
N.KHYH,1609,42.485167,139.967833,53.0,True
N.KI2H,2823,36.880833,140.6545,293.0,True
N.KJNH,2014,40.268667,141.783167,74.0,True
N.KJSH,2008,40.086167,141.712,139.0,True
N.KKWH,2034,38.920667,141.637667,-38.0,True
N.KMBH,1602,42.768,140.976667,184.0,True
N.KMIH,2003,39.274167,141.823333,-61.0,True
N.KMNH,1603,42.6105,140.484167,38.0,True
N.KMYH,2047,38.081333,140.297833,214.0,True
N.KOSH,2069,40.456333,140.8395,299.0,True
N.KRIH,2085,40.609167,140.664667,-5.0,True
N.KRMH,2015,40.2705,141.570833,138.0,True
N.KSKF,2454,,,,False
N.KSRF,1959,42.982,144.485167,18.0,True
N.KUCH,2077,41.234,140.989667,-82.0,True
N.KUMH,1610,42.134333,140.004,-32.0,True
N.KWAH,2052,39.688333,140.4075,64.0,True
N.KWSH,2036,,,,False
N.KYMH,1566,43.058667,141.806333,-94.0,True
N.KYOH,1599,42.975833,140.622,-181.0,True
N.KZMH,2027,39.939833,141.549167,469.0,True
N.KZNH,2070,40.062167,140.808333,210.0,True
N.MBEH,1564,42.593333,142.352167,54.0,True
N.MBWH,1576,42.512667,142.038167,-212.0,True
N.MGMH,2046,38.713167,140.554667,145.0,True
N.MKRH,1601,42.763,140.808333,127.0,True
N.MMRH,1525,42.892,143.060333,-131.0,True
N.MRRH,1597,42.411667,141.001667,-164.0,True
N.MSAH,1560,43.23,141.897833,-126.0,True
N.MSRH,2116,38.699333,141.417667,-12.0,True
N.NCPH,1569,42.597667,142.544667,203.0,True
N.NHEH,2011,40.238333,141.342333,28.0,True
N.NHJH,2074,40.856333,141.103333,-269.0,True
N.NHWH,2012,40.261167,141.170833,124.0,True
N.NRKH,2031,38.858667,140.651333,141.0,True
N.NSEH,2058,39.5575,140.611667,-83.0,True
N.NSNH,2060,39.814667,140.579,217.0,True
N.NSSH,2061,39.663333,140.572167,-6.0,True
N.NWAH,2080,40.449167,141.337333,-51.0,True
N.NYAH,2088,40.548833,140.272667,56.0,True
N.OGCH,2065,38.980167,140.495167,183.0,True
N.OHTH,1605,42.647667,141.064333,148.0,True
N.OIWH,1574,42.873833,141.819167,-42.0,True
N.OKEH,1537,43.635167,143.51,190.0,True
N.OMRH,2062,39.354833,140.386833,-36.0,True
N.OOMH,2078,41.527333,140.912667,-92.0,True
N.OWNH,2087,40.484167,140.5565,28.0,True
N.RIFH,2117,38.34,140.955167,-1004.0,True
N.RKBH,1527,43.468333,143.683,128.0,True
N.RKSH,2075,40.966333,141.373833,-97.0,True
N.RNKH,1600,42.830833,140.483167,-93.0,True
N.RZTH,2007,39.030667,141.532,-22.0,True
N.SAIH,2076,41.404833,140.856667,-172.0,True
N.SAMH,1593,42.133,142.916333,-63.0,True
N.SCNH,1556,43.384833,144.627833,-25.0,True
N.SCSH,1555,43.213833,144.680333,-213.0,True
N.SHGH,2082,40.462333,141.092333,163.0,True
N.SHZH,1590,42.874167,142.883,318.0,True
N.SKSH,1530,43.173833,142.917667,47.0,True
N.SKWH,2559,38.131167,139.542667,-24.0,True
N.SMPH,1506,43.040667,142.656167,467.0,True
N.SMTH,2002,39.180833,141.390833,513.0,True
N.SNNH,1557,43.160333,143.893667,73.0,True
N.SNSH,1546,42.985667,143.984167,-74.0,True
N.SOIH,1571,42.562833,141.349667,-159.0,True
N.SRUH,1608,41.597667,140.420667,-147.0,True
N.STSH,1559,43.677167,144.961833,61.0,True
N.SZKH,2024,39.643667,140.9465,60.0,True
N.SZNH,1570,42.349833,142.357167,-107.0,True
N.TAJH,2032,38.590667,141.071,-81.0,True
N.TKIH,1529,42.4865,143.152,259.0,True
N.TMRF,2457,41.101667,141.383167,120.0,True
N.TMYH,2025,39.825,141.382667,571.0,True
N.TOBH,1562,43.408667,141.583667,-121.0,True
N.TOUH,2010,39.334,141.3015,159.0,True
N.TOWH,2030,38.786,141.325333,-66.0,True
N.TREH,1552,43.22,144.4285,-208.0,True
N.TROH,2019,39.7435,141.908667,98.0,True
N.TRSH,1551,43.135833,144.3275,-188.0,True
N.TRWH,1553,43.255667,144.233833,-217.0,True
N.TSRH,2067,40.2755,140.459667,-58.0,True
N.TTKH,2079,40.296167,141.0145,133.0,True
N.TURH,1604,42.6415,140.665,110.0,True
N.TWEH,2073,40.584667,141.154667,-17.0,True
N.TWWH,2081,40.58,140.995,138.0,True
N.TYRH,1523,42.811333,143.520333,-92.0,True
N.TYSF,2450,39.377167,141.593167,346.0,True
N.TZWH,2044,38.749833,140.178,-137.0,True
N.WSMH,1588,43.975333,142.283333,89.0,True
N.YHBH,2013,39.614833,141.092833,71.0,True
N.YJMH,2054,39.222333,140.128333,41.0,True
N.YMDH,2022,39.473333,141.933667,-88.0,True
N.YUBH,1568,42.993,142.0085,-6.0,True
N.YUZH,2064,39.191167,140.471,-107.0,True
NAGAHA,615,,,,False
NAKAMA,554,,,,False
NAKASH,521,43.587833,144.715,220.0,True
NAKATS,626,,,,False
NANGO,653,40.376167,141.511667,270.0,True
NIIJOH,5784,,,,False
NIUKAW,578,,,,False
NOBORI,515,42.471167,141.034667,110.0,True
NOBUKA,702,42.2825,142.748833,115.0,True
NSAKAI,569,,,,False
NUMATA,5862,,,,False
OBARA,581,,,,False
ODAWA2,657,,,,False
OFUNAI,538,39.083,141.6655,180.0,True
OGA3,5836,,,,False
OHASAM,537,39.475833,141.288833,210.0,True
OHATA,528,41.384667,141.044667,80.0,True
OKI2,5794,,,,False
OKURA,543,38.3685,140.6605,390.0,True
OKUSHM,698,42.085167,139.471667,79.0,True
OMATSU,5844,41.524833,140.006833,27.0,True
ONBETS,520,,,,False
ONDO,5860,,,,False
OSHIM3,669,,,,False
OTAMA2,5856,37.559833,140.333667,477.0,True
OURI,544,38.457333,141.345333,40.0,True
RAUSU,524,43.940333,145.118,10.0,True
REBUNT,5845,,,,False
RISHIR,525,,,,False
ROKKAS,5803,41.007333,141.366333,54.0,True
ROKUGO,534,39.399167,140.630333,200.0,True
RYOKAM,561,,,,False
SADO,551,,,,False
SAGAMI,5847,,,,False
SAGARA,567,,,,False
SAIJYO,605,,,,False
SAKAID,609,,,,False
SAKAUR,5848,,,,False
SASAKA,552,,,,False
SETANA,5801,42.4225,139.876667,20.0,True
SHAKOT,510,43.354833,140.472,10.0,True
SHIBET,5843,,,,False
SHIMAM,511,42.6455,140.041333,72.0,True
SHIMOB,568,,,,False
SHIOBA,556,,,,False
SHIPPU,5800,43.275333,141.4175,60.0,True
SHIRAT,542,38.224,140.062167,300.0,True
SHIRIU,678,,,,False
SHIUR2,668,41.060167,140.407667,60.0,True
SHOSAN,503,,,,False
SIKINE,5819,,,,False
SINHDK,5798,42.409833,142.466667,79.0,True
SINONB,5824,,,,False
SIZUKU,5806,39.7415,140.952667,256.0,True
SKAMAE,5832,,,,False
SMATSU,5816,,,,False
SOYAES,502,,,,False
SUZU,574,,,,False
TAKATO,570,,,,False
TAKISA,700,,,,False
TAMANA,619,,,,False
TANABE,5839,,,,False
TANBAR,614,,,,False
TANIAI,5838,,,,False
TANOHA,536,39.9415,141.86,200.0,True
TENKAW,5828,,,,False
TENMAB,530,40.7895,141.064667,130.0,True
THIROO,5797,42.291333,143.298833,54.0,True
TOBISH,549,,,,False
TOKIWA,5810,,,,False
TOKOR2,5865,44.1185,144.0855,74.0,True
TOKYO,60,,,,False
TOSASH,613,,,,False
TOSIMA,5818,,,,False
TOYOHI,662,,,,False
TOYOSA,684,43.3675,145.738833,16.0,True
TSUKUD,5867,,,,False
TSUNO,672,,,,False
TSUSHM,620,,,,False
TT1OBS,5777,,,,False
TT2OBS,5778,,,,False
TT3OBS,5779,,,,False
TT4OBS,5780,,,,False
TT5OBS,5781,,,,False
TTATEY,572,,,,False
TU.AO5,1173,38.252167,140.844333,-415.0,True
TU.DIT,1151,39.064,141.422,400.0,True
TU.EN3,1132,38.397833,141.597667,-265.0,True
TU.FD2,1128,40.011833,141.854833,-245.0,True
TU.FKU,1129,40.634333,139.911667,-320.0,True
TU.HD3,1130,41.366667,141.414667,-235.0,True
TU.HOJ,1103,39.342667,140.170667,140.0,True
TU.HSK,1135,40.414667,141.5795,355.0,True
TU.IW3,1131,39.555167,140.110833,-255.0,True
TU.KG2,1111,39.389167,141.561667,-119.0,True
TU.KN5,1149,38.276333,141.582667,-435.0,True
TU.KRS,1152,39.266167,141.150167,150.0,True
TU.KSN,1147,38.9765,141.53,280.0,True
TU.KTA,1122,37.696667,140.892,160.0,True
TU.KWT,1105,38.755833,140.7565,260.0,True
TU.MR3,1114,38.498,140.422333,-40.0,True
TU.MY3,1115,39.593167,141.976667,-220.0,True
TU.NSK,1150,39.731167,140.542,260.0,True
TU.SN3,1148,39.140167,141.763667,105.0,True
TU.SWU,1133,39.489,140.789,445.0,True
TU.TB2,1106,39.198,139.553333,-440.0,True
TU.WYG,1127,38.742333,141.119667,-490.0,True
UCHIUR,5817,,,,False
UONUMA,5854,,,,False
USUKI,625,,,,False
V.AKHC,4836,39.768,140.806833,1205.0,True
V.AYBN,4833,39.945167,140.7195,638.0,True
V.ESKS,4831,41.79,141.149833,-57.0,True
V.HKNS,4830,42.109167,140.6815,23.0,True
V.KRK2,4838,38.940833,140.818,744.0,True
V.KUJG,4827,42.491667,141.128,229.0,True
V.MEAK,4820,,,,False
V.TANS,4826,42.671,141.334333,398.0,True
V.TKU2,8087,39.8255,140.872667,629.0,True
V.UMG2,4834,39.832333,141.040833,521.0,True
V.USSW,4828,42.536667,140.8715,-47.0,True
WACHI,592,,,,False
WAKKA3,652,,,,False
YAGISH,526,,,,False
YAKUM2,677,42.119667,140.3665,120.0,True
YAMAUE,5814,,,,False
YANAIZ,548,,,,False
YASAKA,591,,,,False
YATSUM,541,38.595833,139.7105,200.0,True
YGYUZA,5811,,,,False
YKANEY,540,38.920667,140.355667,220.0,True
YOKOSK,564,,,,False
YTOYOT,617,,,,False
YUWA,654,,,,False
