core_label,radius_km,window_label,window_n,window_step,exploratory,mc_mode,delta_m,fixed_mc,bootstrap_samples,window_index,start_idx,end_idx_exclusive,start_time,end_time,center_time,median_time,hours_since_mw64,event_count,magnitude_min,magnitude_max,seed,b_value,mc,n_ge_mc,status,bootstrap_valid_count,bootstrap_mean,bootstrap_median,bootstrap_std,bootstrap_ci_low,bootstrap_ci_high,bootstrap_ci_width,bootstrap_mc_median,bootstrap_n_ge_mc_median,reliability_label
mw64,5,primary_N100_step20,100,20,False,fixed,0.01,1.5,1000,0,0,100,2019-07-04 17:35:51.840000+00:00,2019-07-04 18:59:54.400000+00:00,2019-07-04 18:17:55.680000+00:00,2019-07-04 18:17:55.680000+00:00,0.7351777777777777,100,1.58,4.89,20750706,0.3786375177363998,1.5,100,ok,1000,0.3799905184312172,0.3788522324074113,0.02268234203954176,0.3405634409333217,0.42758595957530365,0.08702251864198196,1.5,100.0,robust
mw64,5,primary_N100_step20,100,20,False,fixed,0.01,1.5,1000,1,20,120,2019-07-04 17:57:31.260000+00:00,2019-07-04 19:17:51.180000+00:00,2019-07-04 18:32:42.960000+00:00,2019-07-04 18:32:42.960000+00:00,0.9816444444444444,100,1.11,4.89,20750723,0.44552739960286425,1.5,98,ok,1000,0.44574230059560704,0.4440490340746339,0.026440269351139807,0.40042635892805994,0.5026980024595028,0.10227164353144286,1.5,98.0,usable_but_moderately_uncertain
mw64,5,primary_N100_step20,100,20,False,fixed,0.01,1.5,1000,2,40,140,2019-07-04 18:09:21.200000+00:00,2019-07-04 19:38:22.560000+00:00,2019-07-04 18:50:15.620000+00:00,2019-07-04 18:50:15.620000+00:00,1.27405,100,1.11,4.89,20750740,0.4820648267668011,1.5,93,ok,1000,0.48439871380036653,0.481967217698156,0.03467670561575559,0.42155444500486344,0.5555016205758937,0.13394717557103025,1.5,93.0,usable_but_moderately_uncertain
mw64,5,primary_N100_step20,100,20,False,fixed,0.01,1.5,1000,3,60,160,2019-07-04 18:25:05.460000+00:00,2019-07-04 19:59:06.600000+00:00,2019-07-04 19:09:17.180000+00:00,2019-07-04 19:09:17.180000+00:00,1.59115,100,1.11,4.89,20750757,0.47545181550518334,1.5,90,ok,1000,0.4780278543539711,0.47619658203697557,0.039793569402505835,0.40964472314544137,0.5633423465221831,0.1536976233767417,1.5,90.0,usable_but_moderately_uncertain
mw64,5,primary_N100_step20,100,20,False,fixed,0.01,1.5,1000,4,80,180,2019-07-04 18:42:02.420000+00:00,2019-07-04 20:16:10.220000+00:00,2019-07-04 19:30:36.540000+00:00,2019-07-04 19:30:36.540000+00:00,1.9465277777777779,100,1.11,4.89,20750774,0.48463493534158525,1.5,88,ok,1000,0.48798626484246743,0.4841486834818708,0.045312561323824344,0.4094602443788953,0.5831367837205131,0.17367653934161786,1.5,88.0,usable_but_moderately_uncertain
mw64,5,primary_N100_step20,100,20,False,fixed,0.01,1.5,1000,5,100,200,2019-07-04 19:00:09.520000+00:00,2019-07-04 20:33:34.040000+00:00,2019-07-04 19:53:18.520000+00:00,2019-07-04 19:53:18.520000+00:00,2.3248555555555552,100,1.11,4.78,20750791,0.5843269875112906,1.5,80,ok,1000,0.5915740312187943,0.5881182326942831,0.06010598738913307,0.4843282636530925,0.7181712502795929,0.23384298662650044,1.5,80.0,usable_but_moderately_uncertain
mw64,5,primary_N100_step20,100,20,False,fixed,0.01,1.5,1000,6,120,220,2019-07-04 19:19:27.560000+00:00,2019-07-04 20:53:40.120000+00:00,2019-07-04 20:07:32.400000+00:00,2019-07-04 20:07:32.400000+00:00,2.5620444444444446,100,0.84,4.78,20750808,0.624655243558579,1.5,75,ok,1000,0.6345636488927727,0.6295359692779737,0.07364145094688442,0.509249253596489,0.787022169200211,0.27777291560372197,1.5,75.0,usable_but_moderately_uncertain
mw64,5,primary_N100_step20,100,20,False,fixed,0.01,1.5,1000,7,140,240,2019-07-04 19:39:49.360000+00:00,2019-07-04 21:10:16.360000+00:00,2019-07-04 20:26:35.200000+00:00,2019-07-04 20:26:35.200000+00:00,2.879488888888889,100,0.84,4.32,20750825,0.6472202498338563,1.5,73,ok,1000,0.6553145628036287,0.6464587806175357,0.07894491970972328,0.5156001756383904,0.831864135476708,0.31626395983831757,1.5,73.0,usable_but_moderately_uncertain
mw64,5,primary_N100_step20,100,20,False,fixed,0.01,1.5,1000,8,160,260,2019-07-04 19:59:43.200000+00:00,2019-07-04 21:30:20.820000+00:00,2019-07-04 20:44:01.100000+00:00,2019-07-04 20:44:01.100000+00:00,3.1700166666666667,100,0.84,4.32,20750842,0.7327388500512638,1.5,70,ok,1000,0.7474310482645005,0.7410547032640957,0.08762972707963192,0.5911689892713061,0.939752801692631,0.34858381242132486,1.5,70.0,usable_but_moderately_uncertain
mw64,5,primary_N100_step20,100,20,False,fixed,0.01,1.5,1000,9,180,280,2019-07-04 20:17:03.140000+00:00,2019-07-04 21:45:02.580000+00:00,2019-07-04 20:59:58.520000+00:00,2019-07-04 20:59:58.520000+00:00,3.4359666666666664,100,0.84,3.58,20750859,0.7786483935748548,1.5,65,ok,1000,0.7910135423331329,0.7812555668149401,0.0945648184988765,0.6366053147329577,1.004742179187,0.36813686445404226,1.5,65.0,usable_but_moderately_uncertain
mw64,5,primary_N100_step20,100,20,False,fixed,0.01,1.5,1000,10,200,300,2019-07-04 20:36:45.120000+00:00,2019-07-04 21:58:29.280000+00:00,2019-07-04 21:23:14.880000+00:00,2019-07-04 21:23:14.880000+00:00,3.8238444444444446,100,0.84,3.58,20750876,0.8279284974851799,1.5,70,ok,1000,0.8398642644246784,0.8325464171597292,0.09702362045250314,0.6813557052591372,1.0482845439410318,0.3669288386818945,1.5,70.0,usable_but_moderately_uncertain
mw64,5,primary_N100_step20,100,20,False,fixed,0.01,1.5,1000,11,220,320,2019-07-04 20:54:58.260000+00:00,2019-07-04 22:21:03.800000+00:00,2019-07-04 21:39:12.220000+00:00,2019-07-04 21:39:12.220000+00:00,4.089772222222222,100,1.02,3.58,20750893,0.7939791190811963,1.5,70,ok,1000,0.8051577193295418,0.7945061346420221,0.09987555430892041,0.6414792556444591,1.0253455055378125,0.3838662498933534,1.5,70.0,usable_but_moderately_uncertain
mw64,5,primary_N100_step20,100,20,False,fixed,0.01,1.5,1000,12,240,340,2019-07-04 21:11:09.420000+00:00,2019-07-04 22:43:54.240000+00:00,2019-07-04 21:52:26.440000+00:00,2019-07-04 21:52:26.440000+00:00,4.310388888888888,100,1.0,3.56,20750910,0.8108973844169516,1.5,68,ok,1000,0.8210723795874767,0.8139511182901358,0.10179824435396828,0.6485454463180208,1.0604458386877327,0.4119003923697119,1.5,68.0,usable_but_moderately_uncertain
mw64,5,primary_N100_step20,100,20,False,fixed,0.01,1.5,1000,13,260,360,2019-07-04 21:31:51.360000+00:00,2019-07-04 23:04:34.580000+00:00,2019-07-04 22:07:19.940000+00:00,2019-07-04 22:07:19.940000+00:00,4.558583333333334,100,0.99,3.56,20750927,0.8368167988450889,1.5,60,ok,1000,0.8541560097282103,0.8459704691227572,0.11200342506932638,0.6751340078117967,1.0968549921111286,0.4217209842993319,1.5,60.0,usable_but_moderately_uncertain
mw64,5,primary_N100_step20,100,20,False,fixed,0.01,1.5,1000,14,280,380,2019-07-04 21:45:25.880000+00:00,2019-07-04 23:21:07.620000+00:00,2019-07-04 22:34:27.820000+00:00,2019-07-04 22:34:27.820000+00:00,5.010772222222222,100,0.99,3.6,20750944,0.8395749785018665,1.5,61,ok,1000,0.8452052307416164,0.8331415182355248,0.11054894786126461,0.669715804371829,1.0845227467072076,0.4148069423353786,1.5,61.0,usable_but_moderately_uncertain
mw64,5,primary_N100_step20,100,20,False,fixed,0.01,1.5,1000,15,300,400,2019-07-04 21:59:15.240000+00:00,2019-07-04 23:39:09.880000+00:00,2019-07-04 22:54:39.140000+00:00,2019-07-04 22:54:39.140000+00:00,5.34725,100,0.71,3.6,20750961,0.8112474369955575,1.5,56,ok,1000,0.8251112275176635,0.8154111031077005,0.11301753105950896,0.6325818249961778,1.0848365858567874,0.4522547608606097,1.5,56.0,usable_but_moderately_uncertain
mw64,5,primary_N100_step20,100,20,False,fixed,0.01,1.5,1000,16,320,420,2019-07-04 22:22:26.640000+00:00,2019-07-05 00:01:47.600000+00:00,2019-07-04 23:11:34.320000+00:00,2019-07-04 23:11:34.320000+00:00,5.629244444444444,100,0.71,3.6,20750978,0.8723568404856876,1.5,49,ok,1000,0.8933778946430266,0.8891426240651872,0.11784595449287438,0.6996074078848223,1.1444835175315469,0.4448761096467245,1.5,49.0,exploratory
mw64,5,primary_N100_step20,100,20,False,fixed,0.01,1.5,1000,17,340,440,2019-07-04 22:46:39.560000+00:00,2019-07-05 00:21:38.440000+00:00,2019-07-04 23:28:37.560000+00:00,2019-07-04 23:28:37.560000+00:00,5.913477777777778,100,0.58,3.6,20750995,0.9525378305120265,1.5,42,ok,1000,0.969064818445781,0.961101380663415,0.1322202495405302,0.7451554247449456,1.2861310143978788,0.5409755896529332,1.5,42.0,exploratory
mw64,5,primary_N100_step20,100,20,False,fixed,0.01,1.5,1000,18,360,460,2019-07-04 23:05:09.440000+00:00,2019-07-05 00:37:43.330000+00:00,2019-07-04 23:51:56.780000+00:00,2019-07-04 23:51:56.780000+00:00,6.30215,100,0.58,4.36,20751012,0.7674479703954437,1.5,44,ok,1000,0.7854744343106741,0.779114267939065,0.11530925737203405,0.5776235191350977,1.0380516801304998,0.46042816099540207,1.5,44.0,exploratory
mw64,5,primary_N100_step20,100,20,False,fixed,0.01,1.5,1000,19,380,480,2019-07-04 23:22:19.420000+00:00,2019-07-05 01:00:49.980000+00:00,2019-07-05 00:10:20.780000+00:00,2019-07-05 00:10:20.780000+00:00,6.608816666666667,100,0.58,4.38,20751029,0.7130231635517976,1.5,39,ok,1000,0.7301783134200541,0.7142350913265249,0.12149076412354957,0.5384104845441553,1.0068892672783578,0.4684787827342025,1.5,39.0,exploratory
mw64,5,primary_N100_step20,100,20,False,fixed,0.01,1.5,1000,20,400,500,2019-07-04 23:40:19.320000+00:00,2019-07-05 01:24:28.650000+00:00,2019-07-05 00:31:21.710000+00:00,2019-07-05 00:31:21.710000+00:00,6.9590749999999995,100,0.58,4.38,20751046,0.6199102894000208,1.5,34,ok,1000,0.6414145907300908,0.6349007834082232,0.10258458768754347,0.4584032122948616,0.8647500343042298,0.4063468220093682,1.5,34.0,exploratory
mw64,5,primary_N100_step20,100,20,False,fixed,0.01,1.5,1000,21,420,520,2019-07-05 00:02:00.870000+00:00,2019-07-05 01:45:20.470000+00:00,2019-07-05 00:48:50.700000+00:00,2019-07-05 00:48:50.700000+00:00,7.250461111111111,100,0.58,4.38,20751063,0.6037205568314223,1.5,32,ok,1000,0.6225405495404532,0.6133145508852941,0.10504777341783991,0.4472565090433379,0.85702967723353,0.40977316819019205,1.5,32.0,exploratory
mw64,5,primary_N100_step20,100,20,False,fixed,0.01,1.5,1000,22,440,540,2019-07-05 00:23:04.390000+00:00,2019-07-05 02:03:28.950000+00:00,2019-07-05 01:12:50.100000+00:00,2019-07-05 01:12:50.100000+00:00,7.6502944444444445,100,0.73,4.38,20751080,0.6419094032127111,1.5,38,ok,1000,0.6593942908046035,0.6508573007591387,0.10349901520309236,0.4928708508858245,0.8876219180991058,0.39475106721328135,1.5,38.0,exploratory
mw64,5,primary_N100_step20,100,20,False,fixed,0.01,1.5,1000,23,460,560,2019-07-05 00:37:50.090000+00:00,2019-07-05 02:30:10.610000+00:00,2019-07-05 01:36:20.450000+00:00,2019-07-05 01:36:20.450000+00:00,8.042058333333333,100,0.73,4.38,20751097,0.7638542069260637,1.5,42,ok,1000,0.7775396448948654,0.7675184289957336,0.12066269339603461,0.5746461510865277,1.057683074813476,0.4830369237269483,1.5,42.0,exploratory
mw64,5,primary_N100_step20,100,20,False,fixed,0.01,1.5,1000,24,480,580,2019-07-05 01:01:02.570000+00:00,2019-07-05 02:51:10.210000+00:00,2019-07-05 01:54:39.580000+00:00,2019-07-05 01:54:39.580000+00:00,8.347372222222223,100,0.73,3.16,20751114,0.8935944261595913,1.5,39,ok,1000,0.913274694562722,0.8884921146598067,0.15184814332392324,0.6735784705472984,1.2698072821597017,0.5962288116124034,1.5,39.0,exploratory
mw64,5,primary_N100_step20,100,20,False,fixed,0.01,1.5,1000,25,500,600,2019-07-05 01:25:23.260000+00:00,2019-07-05 03:09:46.230000+00:00,2019-07-05 02:15:08.400000+00:00,2019-07-05 02:15:08.400000+00:00,8.688711111111111,100,0.69,2.93,20751131,0.9770816659456859,1.5,40,ok,1000,1.000123826445442,0.9850763113747568,0.14476275110601547,0.7601232579528701,1.3259755830432962,0.5658523250904262,1.5,40.0,exploratory
mw64,5,primary_N100_step20,100,20,False,fixed,0.01,1.5,1000,26,520,620,2019-07-05 01:47:02.570000+00:00,2019-07-05 03:31:42.230000+00:00,2019-07-05 02:43:14.360000+00:00,2019-07-05 02:43:14.360000+00:00,9.157033333333333,100,0.69,2.93,20751148,0.9590166822664447,1.5,47,ok,1000,0.9713249876673565,0.9589296510174743,0.12785457286540408,0.7514981679053209,1.2589127308020465,0.5074145628967256,1.5,47.0,exploratory
mw64,5,primary_N100_step20,100,20,False,fixed,0.01,1.5,1000,27,540,640,2019-07-05 02:06:14.530000+00:00,2019-07-05 03:52:59.990000+00:00,2019-07-05 03:03:48.060000+00:00,2019-07-05 03:03:48.060000+00:00,9.499727777777776,100,0.45,3.2,20751165,0.8276108913828218,1.5,44,ok,1000,0.8385125024315967,0.8251475250988439,0.10730553288749861,0.667261332503247,1.0803569083449758,0.41309557584172873,1.5,44.0,exploratory
mw64,5,primary_N100_step20,100,20,False,fixed,0.01,1.5,1000,28,560,660,2019-07-05 02:31:52.590000+00:00,2019-07-05 04:14:45.030000+00:00,2019-07-05 03:25:51.140000+00:00,2019-07-05 03:25:51.140000+00:00,9.86725,100,0.45,3.66,20751182,0.7953960193750613,1.5,39,ok,1000,0.8154173320572806,0.799587562609821,0.1217616328189651,0.6219224728364968,1.0819310015851642,0.4600085287486674,1.5,39.0,exploratory
mw64,5,primary_N100_step20,100,20,False,fixed,0.01,1.5,1000,29,580,680,2019-07-05 02:52:31.320000+00:00,2019-07-05 04:39:13.350000+00:00,2019-07-05 03:43:58.460000+00:00,2019-07-05 03:43:58.460000+00:00,10.169283333333333,100,0.45,3.66,20751199,0.7783263546647956,1.5,40,ok,1000,0.791636533912947,0.7807152331884462,0.10522693463183164,0.6140655789537047,1.019696333427668,0.40563075447396335,1.5,40.0,exploratory
mw64,5,primary_N100_step20,100,20,False,fixed,0.01,1.5,1000,30,600,700,2019-07-05 03:10:23.110000+00:00,2019-07-05 04:54:43.660000+00:00,2019-07-05 04:05:31.510000+00:00,2019-07-05 04:05:31.510000+00:00,10.52846388888889,100,0.45,3.66,20751216,0.7764833961858253,1.5,37,ok,1000,0.7898518549607654,0.7741318692242658,0.11098072921681999,0.6113536655403311,1.0427473245617984,0.4313936590214673,1.5,37.0,exploratory
mw64,5,primary_N100_step20,100,20,False,fixed,0.01,1.5,1000,31,620,720,2019-07-05 03:31:53.900000+00:00,2019-07-05 05:17:19.320000+00:00,2019-07-05 04:29:23.110000+00:00,2019-07-05 04:29:23.110000+00:00,10.926130555555556,100,0.45,3.66,20751233,0.7117729238261379,1.5,29,ok,1000,0.7297246198817586,0.7117666558349097,0.1262671504689073,0.5397510995906631,1.0128055135966958,0.47305441400603265,1.5,29.0,highly_unreliable
mw64,5,primary_N100_step20,100,20,False,fixed,0.01,1.5,1000,32,640,740,2019-07-05 03:54:41.490000+00:00,2019-07-05 05:38:01.790000+00:00,2019-07-05 04:46:54.610000+00:00,2019-07-05 04:46:54.610000+00:00,11.218213888888888,100,0.5,3.66,20751250,0.836100761613464,1.5,27,ok,1000,0.8566701957469947,0.8331378214177765,0.16402025437624115,0.606505051373601,1.2541681609860327,0.6476631096124317,1.5,27.0,highly_unreliable
mw64,5,primary_N100_step20,100,20,False,fixed,0.01,1.5,1000,33,660,760,2019-07-05 04:15:57.010000+00:00,2019-07-05 05:56:05.430000+00:00,2019-07-05 05:09:49.870000+00:00,2019-07-05 05:09:49.870000+00:00,11.600230555555555,100,0.5,3.31,20751267,0.8799320903044829,1.5,28,ok,1000,0.904268374933915,0.8840217789845701,0.16149972087174705,0.6441074301190133,1.279253712982015,0.6351462828630017,1.5,28.0,highly_unreliable
mw64,5,primary_N100_step20,100,20,False,fixed,0.01,1.5,1000,34,680,780,2019-07-05 04:40:21.500000+00:00,2019-07-05 06:15:19.020000+00:00,2019-07-05 05:30:20.260000+00:00,2019-07-05 05:30:20.260000+00:00,11.942005555555555,100,0.51,3.31,20751284,0.8969068989244239,1.5,26,ok,1000,0.9373277004884258,0.9075752982067311,0.20675437967395888,0.6459752406708508,1.4782051871998303,0.8322299465289795,1.5,26.0,highly_unreliable
mw64,5,primary_N100_step20,100,20,False,fixed,0.01,1.5,1000,35,700,800,2019-07-05 04:56:42.520000+00:00,2019-07-05 06:36:54.960000+00:00,2019-07-05 05:48:08.480000+00:00,2019-07-05 05:48:08.480000+00:00,12.238733333333334,100,0.45,3.31,20751301,0.9158805937763376,1.5,25,ok,1000,0.9678794381939897,0.9309814360461206,0.2291092714882591,0.6217439204396515,1.5375239964544236,0.9157800760147721,1.5,24.0,highly_unreliable
mw64,5,primary_N100_step20,100,20,False,fixed,0.01,1.5,1000,36,720,820,2019-07-05 05:17:50.430000+00:00,2019-07-05 06:54:26.450000+00:00,2019-07-05 06:08:37.750000+00:00,2019-07-05 06:08:37.750000+00:00,12.580197222222221,100,0.45,3.33,20751318,0.9091842930602853,1.5,26,ok,1000,0.9490855367446532,0.9091425428208382,0.22574289333882555,0.6389189505302401,1.4743558544130826,0.8354369038828425,1.5,26.0,highly_unreliable
mw64,5,primary_N100_step20,100,20,False,fixed,0.01,1.5,1000,37,740,840,2019-07-05 05:38:29.330000+00:00,2019-07-05 07:14:18.950000+00:00,2019-07-05 06:27:19.700000+00:00,2019-07-05 06:27:19.700000+00:00,12.891850000000002,100,0.45,3.33,20751335,0.840983781260032,1.5,28,ok,1000,0.8851071463561402,0.850225235549104,0.201942494190004,0.5981363154244397,1.4140751952497492,0.8159388798253095,1.5,28.0,highly_unreliable
mw64,5,primary_N100_step20,100,20,False,fixed,0.01,1.5,1000,38,760,860,2019-07-05 05:56:34.490000+00:00,2019-07-05 07:29:51.290000+00:00,2019-07-05 06:47:27.710000+00:00,2019-07-05 06:47:27.710000+00:00,13.227408333333333,100,0.45,3.33,20751352,0.875182224475559,1.5,24,ok,1000,0.910121133838381,0.8846119514921922,0.20083033867249098,0.629588174175321,1.4102282385330023,0.7806400643576813,1.5,24.0,highly_unreliable
mw64,5,primary_N100_step20,100,20,False,fixed,0.01,1.5,1000,39,780,880,2019-07-05 06:16:23.330000+00:00,2019-07-05 07:54:16.340000+00:00,2019-07-05 07:04:31.120000+00:00,2019-07-05 07:04:31.120000+00:00,13.511688888888889,100,0.45,3.83,20751369,0.754766828997351,1.5,24,ok,1000,0.7900380881328539,0.763990638732851,0.17140548464628275,0.5347955415171923,1.1818528604625829,0.6470573189453905,1.5,24.0,highly_unreliable
mw64,5,primary_N100_step20,100,20,False,fixed,0.01,1.5,1000,40,800,900,2019-07-05 06:38:02.560000+00:00,2019-07-05 08:15:32.950000+00:00,2019-07-05 07:23:38.270000+00:00,2019-07-05 07:23:38.270000+00:00,13.830341666666667,100,0.39,3.83,20751386,0.7089522136931021,1.5,25,ok,1000,0.7387276702138268,0.7217557327631057,0.1392726553126955,0.5229731066986325,1.0671334069527083,0.5441603002540758,1.5,25.0,highly_unreliable
mw64,5,primary_N100_step20,100,20,False,fixed,0.01,1.5,1000,41,820,920,2019-07-05 06:55:09.240000+00:00,2019-07-05 08:30:00.800000+00:00,2019-07-05 07:42:11.760000+00:00,2019-07-05 07:42:11.760000+00:00,14.139644444444444,100,0.39,3.83,20751403,0.7363813045670593,1.5,23,ok,1000,0.7605025204047824,0.7444670861931422,0.14040755377659103,0.5277935241869941,1.0858075210009515,0.5580139968139574,1.5,23.0,highly_unreliable
mw64,5,primary_N100_step20,100,20,False,fixed,0.01,1.5,1000,42,840,940,2019-07-05 07:15:50.970000+00:00,2019-07-05 08:48:42.060000+00:00,2019-07-05 08:06:36.840000+00:00,2019-07-05 08:06:36.840000+00:00,14.546611111111112,100,0.39,3.83,20751420,0.7132733934834977,1.5,18,ok,1000,0.7451193169857961,0.7170075619291674,0.17288403975513583,0.46747793380741304,1.1718740736843327,0.7043961398769196,1.5,18.0,highly_unreliable
mw64,5,primary_N100_step20,100,20,False,fixed,0.01,1.5,1000,43,860,960,2019-07-05 07:30:30.620000+00:00,2019-07-05 09:10:30.730000+00:00,2019-07-05 08:25:35.580000+00:00,2019-07-05 08:25:35.580000+00:00,14.862927777777777,100,0.39,3.83,20751437,0.6104028548785831,1.5,20,ok,1000,0.627433749724492,0.6144015266470463,0.1282226119536392,0.4170736051866996,0.9054144724068411,0.48834086722014153,1.5,20.0,highly_unreliable
mw64,5,primary_N100_step20,100,20,False,fixed,0.01,1.5,1000,44,880,980,2019-07-05 07:55:08.160000+00:00,2019-07-05 09:28:08.680000+00:00,2019-07-05 08:38:52.950000+00:00,2019-07-05 08:38:52.950000+00:00,15.084419444444446,100,0.39,3.66,20751454,0.6655984408506028,1.5,20,ok,1000,0.683689677300365,0.6753091740324482,0.11071260982469501,0.4911770338461591,0.909670169966312,0.41849313612015293,1.5,20.0,highly_unreliable
mw64,5,primary_N100_step20,100,20,False,fixed,0.01,1.5,1000,45,900,1000,2019-07-05 08:16:07.130000+00:00,2019-07-05 09:49:53.130000+00:00,2019-07-05 08:59:05.070000+00:00,2019-07-05 08:59:05.070000+00:00,15.421119444444445,100,0.4,3.66,20751471,0.6541221679597299,1.5,19,ok,1000,0.6795034308728409,0.6633559050403067,0.1269247958402268,0.47545756741344575,0.9682183177779204,0.4927607503644747,1.5,19.0,highly_unreliable
mw64,5,primary_N100_step20,100,20,False,fixed,0.01,1.5,1000,46,920,1020,2019-07-05 08:30:16.860000+00:00,2019-07-05 10:03:42.480000+00:00,2019-07-05 09:21:14.920000+00:00,2019-07-05 09:21:14.920000+00:00,15.790522222222222,100,0.37,3.66,20751488,0.6630578899013075,1.5,18,ok,1000,0.6845846906585199,0.6624959546328488,0.13884230991902732,0.45973892416297274,1.0234371061705856,0.5636981820076128,1.5,18.0,highly_unreliable
mw64,5,primary_N100_step20,100,20,False,fixed,0.01,1.5,1000,47,940,1040,2019-07-05 08:48:57.900000+00:00,2019-07-05 10:18:55.650000+00:00,2019-07-05 09:41:21.990000+00:00,2019-07-05 09:41:21.990000+00:00,16.125819444444442,100,0.37,3.66,20751505,0.6856474073222727,1.5,19,ok,1000,0.7088310336679549,0.6881419453748627,0.14209524680325042,0.49067366996158424,1.0262152701220737,0.5355416001604895,1.5,19.0,highly_unreliable
mw64,5,primary_N100_step20,100,20,False,fixed,0.01,1.5,1000,48,960,1060,2019-07-05 09:11:09.190000+00:00,2019-07-05 10:46:48.290000+00:00,2019-07-05 09:57:53.570000+00:00,2019-07-05 09:57:53.570000+00:00,16.401258333333335,100,0.23,3.1,20751522,0.8363563484802043,1.5,21,ok,1000,0.8601142834035994,0.8335890447745321,0.17500425965691538,0.601425845497591,1.3162159911947138,0.7147901456971227,1.5,21.0,highly_unreliable
mw64,5,primary_N100_step20,100,20,False,fixed,0.01,1.5,1000,49,980,1080,2019-07-05 09:30:48.770000+00:00,2019-07-05 11:27:23.580000+00:00,2019-07-05 10:11:08.910000+00:00,2019-07-05 10:11:08.910000+00:00,16.622186111111112,100,0.23,3.1,20751539,0.8433167536862765,1.5,19,ok,1000,0.8814601593988793,0.8496542262657161,0.2051635998359492,0.5829543660723892,1.4087869770797201,0.825832611007331,1.5,19.0,highly_unreliable
mw64,5,primary_N100_step20,100,20,False,fixed,0.01,1.5,1000,50,1000,1100,2019-07-05 09:50:16.790000+00:00,2019-07-05 12:01:15.480000+00:00,2019-07-05 10:35:22.470000+00:00,2019-07-05 10:35:22.470000+00:00,17.02595277777778,100,0.23,3.1,20751556,0.8173447914707989,1.5,22,ok,1000,0.8579536127596474,0.8210155755148303,0.19273916355929446,0.5852877206478116,1.3106233050997333,0.7253355844519217,1.5,22.0,highly_unreliable
mw64,5,primary_N100_step20,100,20,False,fixed,0.01,1.5,1000,51,1020,1120,2019-07-05 10:04:25.830000+00:00,2019-07-05 12:29:15.150000+00:00,2019-07-05 11:04:16.670000+00:00,2019-07-05 11:04:16.670000+00:00,17.507675,100,0.23,3.29,20751573,0.8376859502740666,1.5,26,ok,1000,0.8856449770143454,0.8514036607170207,0.21029617073888227,0.5807384484991759,1.4352523241122481,0.8545138756130722,1.5,26.0,highly_unreliable
mw64,5,primary_N100_step20,100,20,False,fixed,0.01,1.5,1000,52,1040,1140,2019-07-05 10:19:18.200000+00:00,2019-07-05 13:14:32.790000+00:00,2019-07-05 11:46:35.160000+00:00,2019-07-05 11:46:35.160000+00:00,18.212811111111108,100,0.23,3.29,20751590,0.8779646199744463,1.5,31,ok,1000,0.9221798903450785,0.8913137564745514,0.1989525453644967,0.6377210133179693,1.3863481935744015,0.7486271802564323,1.5,31.0,exploratory
mw64,5,primary_N100_step20,100,20,False,fixed,0.01,1.5,1000,53,1060,1160,2019-07-05 10:47:02.030000+00:00,2019-07-05 13:45:04.690000+00:00,2019-07-05 12:18:27.090000+00:00,2019-07-05 12:18:27.090000+00:00,18.74390277777778,100,0.55,3.29,20751607,0.8824064457739857,1.5,32,ok,1000,0.9160397029393346,0.8843378443581774,0.19512954090057041,0.6325357972268212,1.388642643636732,0.7561068464099109,1.5,32.0,exploratory
mw64,5,primary_N100_step20,100,20,False,fixed,0.01,1.5,1000,54,1080,1180,2019-07-05 11:28:06.810000+00:00,2019-07-05 14:24:41.990000+00:00,2019-07-05 12:51:15.530000+00:00,2019-07-05 12:51:15.530000+00:00,19.290691666666667,100,0.55,3.29,20751624,0.90293165418002,1.5,30,ok,1000,0.9594225769326199,0.9162482673727408,0.23391201352099886,0.6357673113003637,1.571318614605904,0.9355513033055403,1.5,30.0,exploratory
mw64,5,primary_N100_step20,100,20,False,fixed,0.01,1.5,1000,55,1100,1200,2019-07-05 12:01:30.010000+00:00,2019-07-05 14:56:47.560000+00:00,2019-07-05 13:36:06.610000+00:00,2019-07-05 13:36:06.610000+00:00,20.03821388888889,100,0.41,3.29,20751641,0.9390516806069508,1.5,28,ok,1000,0.9778671770721566,0.9340026254143432,0.22806751614451176,0.6530357234523361,1.5199358461189907,0.8669001226666546,1.5,28.0,highly_unreliable
mw64,5,primary_N100_step20,100,20,False,fixed,0.01,1.5,1000,56,1120,1220,2019-07-05 12:30:29.180000+00:00,2019-07-05 15:30:11.280000+00:00,2019-07-05 14:03:54.170000+00:00,2019-07-05 14:03:54.170000+00:00,20.501425,100,0.41,3.12,20751658,1.0649900261124208,1.5,32,ok,1000,1.1139662665283585,1.0831691920634197,0.24166262905607128,0.7552955614429623,1.7185971053107933,0.9633015438678311,1.5,32.0,exploratory
mw64,5,primary_N100_step20,100,20,False,fixed,0.01,1.5,1000,57,1140,1240,2019-07-05 13:14:59.800000+00:00,2019-07-05 15:58:18.230000+00:00,2019-07-05 14:38:47.030000+00:00,2019-07-05 14:38:47.030000+00:00,21.082775,100,0.41,3.06,20751675,1.0180833806382854,1.5,25,ok,1000,1.0642996700223775,1.0273076456575596,0.24070446928673375,0.7071292990034032,1.62007342708659,0.9129441280831868,1.5,25.0,highly_unreliable
mw64,5,primary_N100_step20,100,20,False,fixed,0.01,1.5,1000,58,1160,1260,2019-07-05 13:50:24.310000+00:00,2019-07-05 16:27:45.740000+00:00,2019-07-05 15:17:47.670000+00:00,2019-07-05 15:17:47.670000+00:00,21.73295277777778,100,0.41,3.06,20751692,1.059922929337045,1.5,21,ok,1000,1.1081735309570608,1.0691118232541605,0.27337304262601547,0.7084525078396067,1.7809677803039736,1.072515272464367,1.5,21.0,highly_unreliable
mw64,5,primary_N100_step20,100,20,False,fixed,0.01,1.5,1000,59,1180,1280,2019-07-05 14:26:13.480000+00:00,2019-07-05 16:51:22.430000+00:00,2019-07-05 15:46:03.630000+00:00,2019-07-05 15:46:03.630000+00:00,22.204052777777775,100,0.41,3.06,20751709,1.0779320219391437,1.5,24,ok,1000,1.1395546148109335,1.0974544821698689,0.24604465868197503,0.7577484690881664,1.7003163264669496,0.9425678573787832,1.5,24.0,highly_unreliable
mw64,5,primary_N100_step20,100,20,False,fixed,0.01,1.5,1000,60,1200,1300,2019-07-05 14:57:20.320000+00:00,2019-07-05 17:12:32.460000+00:00,2019-07-05 16:07:27.540000+00:00,2019-07-05 16:07:27.540000+00:00,22.560694444444444,100,0.52,3.06,20751726,1.1093693399278852,1.5,20,ok,1000,1.1762931774537848,1.1118159236740315,0.32183542123295494,0.7162252419346049,1.9746879755556739,1.258462733621069,1.5,20.0,highly_unreliable
mw64,5,primary_N100_step20,100,20,False,fixed,0.01,1.5,1000,61,1220,1320,2019-07-05 15:31:58.300000+00:00,2019-07-05 17:38:26.640000+00:00,2019-07-05 16:40:52.690000+00:00,2019-07-05 16:40:52.690000+00:00,23.117680555555555,100,0.52,3.06,20751743,0.9941366422701015,1.5,16,ok,1000,1.0577638493147687,0.9964501218960261,0.3059791579306185,0.6630349140317304,1.8674311520888314,1.204396238057101,1.5,16.0,highly_unreliable
mw64,5,primary_N100_step20,100,20,False,fixed,0.01,1.5,1000,62,1240,1340,2019-07-05 15:58:35.200000+00:00,2019-07-05 17:57:12.280000+00:00,2019-07-05 17:06:46.500000+00:00,2019-07-05 17:06:46.500000+00:00,23.549294444444445,100,0.46,2.74,20751760,1.0135687145503403,1.5,20,ok,1000,1.0478728033826146,1.017356833832373,0.21402182729027472,0.7458135099640877,1.55126284985886,0.8054493398947724,1.5,20.0,highly_unreliable
mw64,5,primary_N100_step20,100,20,False,fixed,0.01,1.5,1000,63,1260,1360,2019-07-05 16:28:58.940000+00:00,2019-07-05 18:23:52.560000+00:00,2019-07-05 17:24:20.200000+00:00,2019-07-05 17:24:20.200000+00:00,23.84198888888889,100,0.46,2.77,20751777,0.8899788525717854,1.5,20,ok,1000,0.9263790246294574,0.8993108622653703,0.1914155040480201,0.6457853170077232,1.3823264113420255,0.7365410943343023,1.5,20.0,highly_unreliable
mw64,5,primary_N100_step20,100,20,False,fixed,0.01,1.5,1000,64,1280,1380,2019-07-05 16:53:19.830000+00:00,2019-07-05 18:53:23.320000+00:00,2019-07-05 17:45:39.080000+00:00,2019-07-05 17:45:39.080000+00:00,24.197233333333333,100,0.41,2.77,20751794,0.8537879889848277,1.5,19,ok,1000,0.8904195699603978,0.8600171761917567,0.18331862469934715,0.6266346409149515,1.3381180917172333,0.7114834508022818,1.5,19.0,highly_unreliable
mw64,5,primary_N100_step20,100,20,False,fixed,0.01,1.5,1000,65,1300,1400,2019-07-05 17:13:18.980000+00:00,2019-07-05 19:12:05.220000+00:00,2019-07-05 18:11:01.980000+00:00,2019-07-05 18:11:01.980000+00:00,24.620261111111112,100,0.41,2.77,20751811,0.9091177446669871,1.5,22,ok,1000,0.9436577115486563,0.9110165468973537,0.18118592526011096,0.6684880417301271,1.3476748410390076,0.6791867993088805,1.5,22.0,highly_unreliable
mw64,5,primary_N100_step20,100,20,False,fixed,0.01,1.5,1000,66,1320,1420,2019-07-05 17:38:44.500000+00:00,2019-07-05 19:38:38.560000+00:00,2019-07-05 18:37:48.040000+00:00,2019-07-05 18:37:48.040000+00:00,25.066388888888888,100,0.39,2.77,20751828,0.9184087550871426,1.5,19,ok,1000,0.9571617573033495,0.9176527342655777,0.21469093361787944,0.6579244877445903,1.4441477462332566,0.7862232584886663,1.5,19.0,highly_unreliable
mw64,5,primary_N100_step20,100,20,False,fixed,0.01,1.5,1000,67,1340,1440,2019-07-05 17:58:58.260000+00:00,2019-07-05 20:01:26.680000+00:00,2019-07-05 19:04:19.080000+00:00,2019-07-05 19:04:19.080000+00:00,25.508344444444443,100,0.39,2.77,20751845,1.0827847105994919,1.5,18,ok,1000,1.133916349902687,1.1053999122279374,0.23911352901922736,0.7553137890445906,1.6828549449899315,0.9275411559453409,1.5,18.0,highly_unreliable
mw64,5,primary_N100_step20,100,20,False,fixed,0.01,1.5,1000,68,1360,1460,2019-07-05 18:24:06.720000+00:00,2019-07-05 20:29:42.620000+00:00,2019-07-05 19:26:17.840000+00:00,2019-07-05 19:26:17.840000+00:00,25.874666666666666,100,0.39,2.39,20751862,1.6020875318768864,1.5,18,ok,1000,1.7241812300752226,1.637897564440066,0.4447773482234569,1.0707340040963307,2.81506439553214,1.7443303914358093,1.5,18.0,highly_unreliable
mw64,5,primary_N100_step20,100,20,False,fixed,0.01,1.5,1000,69,1380,1480,2019-07-05 18:54:06.080000+00:00,2019-07-05 20:50:30.040000+00:00,2019-07-05 19:52:36.920000+00:00,2019-07-05 19:52:36.920000+00:00,26.3133,100,0.39,2.19,20751879,1.803190915485285,1.5,17,ok,1000,1.9071060663350532,1.8313272358879267,0.47088392905242854,1.2451745631179345,3.0247722936961634,1.779597730578229,1.5,17.0,highly_unreliable
mw64,5,primary_N100_step20,100,20,False,fixed,0.01,1.5,1000,70,1400,1500,2019-07-05 19:14:00.120000+00:00,2019-07-05 21:17:30.880000+00:00,2019-07-05 20:17:24.620000+00:00,2019-07-05 20:17:24.620000+00:00,26.72655,100,0.39,2.99,20751896,0.9829597867878738,1.5,19,ok,1000,1.0467082474919032,0.9845742729967293,0.2788144679712083,0.6561907862062965,1.6842076441649552,1.0280168579586588,1.5,19.0,highly_unreliable
mw64,5,primary_N100_step20,100,20,False,fixed,0.01,1.5,1000,71,1420,1520,2019-07-05 19:38:46.040000+00:00,2019-07-05 21:34:33+00:00,2019-07-05 20:39:41.380000+00:00,2019-07-05 20:39:41.380000+00:00,27.09787222222222,100,0.4,2.99,20751913,0.959805875053629,1.5,20,ok,1000,1.018602183035619,0.98189466792336,0.24303259575335878,0.6694754074720394,1.5653248914076614,0.895849483935622,1.5,20.0,highly_unreliable
mw64,5,primary_N100_step20,100,20,False,fixed,0.01,1.5,1000,72,1440,1540,2019-07-05 20:04:05.840000+00:00,2019-07-05 22:01:46.740000+00:00,2019-07-05 21:08:05.180000+00:00,2019-07-05 21:08:05.180000+00:00,27.57115,100,0.4,2.99,20751930,0.8885048441140496,1.5,21,ok,1000,0.9182274233785327,0.8921823353059543,0.19550469156949826,0.6400690562822217,1.3835103811564355,0.7434413248742139,1.5,21.0,highly_unreliable
mw64,5,primary_N100_step20,100,20,False,fixed,0.01,1.5,1000,73,1460,1560,2019-07-05 20:30:19.140000+00:00,2019-07-05 22:32:17.560000+00:00,2019-07-05 21:27:35.640000+00:00,2019-07-05 21:27:35.640000+00:00,27.89627777777778,100,0.4,2.99,20751947,0.770045850864783,1.5,20,ok,1000,0.8009665780572082,0.7755464696762304,0.16738942378153499,0.5528547920331531,1.2136033078878394,0.6607485158546863,1.5,20.0,highly_unreliable
mw64,5,primary_N100_step20,100,20,False,fixed,0.01,1.5,1000,74,1480,1580,2019-07-05 20:51:18.420000+00:00,2019-07-05 23:10:55.640000+00:00,2019-07-05 21:52:45.660000+00:00,2019-07-05 21:52:45.660000+00:00,28.315727777777777,100,0.38,2.99,20751964,0.7002212430414048,1.5,21,ok,1000,0.7218629086691385,0.7018378302361264,0.12972404628892173,0.5290443925849345,1.0221304774174493,0.4930860848325148,1.5,21.0,highly_unreliable
mw64,5,primary_N100_step20,100,20,False,fixed,0.01,1.5,1000,75,1500,1600,2019-07-05 21:18:16.880000+00:00,2019-07-05 23:34:05.360000+00:00,2019-07-05 22:21:58.120000+00:00,2019-07-05 22:21:58.120000+00:00,28.802522222222223,100,0.38,2.98,20751981,0.9106858018504974,1.5,21,ok,1000,0.9499583018557983,0.9241584674177654,0.18554746595793364,0.665716595495317,1.4197211395736922,0.7540045440783751,1.5,21.0,highly_unreliable
mw64,5,primary_N100_step20,100,20,False,fixed,0.01,1.5,1000,76,1520,1620,2019-07-05 21:36:02.400000+00:00,2019-07-06 00:02:05.750000+00:00,2019-07-05 22:48:56.560000+00:00,2019-07-05 22:48:56.560000+00:00,29.25208888888889,100,0.38,2.98,20751998,0.9197600893961215,1.5,25,ok,1000,0.9488462785870094,0.9332227649982522,0.1600573602422326,0.6828243837163683,1.3018502692866676,0.6190258855702993,1.5,25.0,highly_unreliable
mw64,5,primary_N100_step20,100,20,False,fixed,0.01,1.5,1000,77,1540,1640,2019-07-05 22:02:48.520000+00:00,2019-07-06 00:46:54.320000+00:00,2019-07-05 23:24:13.600000+00:00,2019-07-05 23:24:13.600000+00:00,29.840155555555555,100,0.38,2.98,20752015,0.9222816287069238,1.5,22,ok,1000,0.9537741276697591,0.9364698628216845,0.16856156948334655,0.6839180080461399,1.332385915944137,0.648467907897997,1.5,22.0,highly_unreliable
mw64,5,primary_N100_step20,100,20,False,fixed,0.01,1.5,1000,78,1560,1660,2019-07-05 22:33:24.900000+00:00,2019-07-06 01:23:42.740000+00:00,2019-07-05 23:48:21.820000+00:00,2019-07-05 23:48:21.820000+00:00,30.242438888888888,100,0.38,3.12,20752032,0.9777416147384674,1.5,25,ok,1000,1.0072027087680158,0.9785156321139721,0.19354315178921544,0.7018041384018696,1.466526693017152,0.7647225546152825,1.5,25.0,highly_unreliable
mw64,5,primary_N100_step20,100,20,False,fixed,0.01,1.5,1000,79,1580,1680,2019-07-05 23:11:54.460000+00:00,2019-07-06 01:50:54.650000+00:00,2019-07-06 00:30:33.470000+00:00,2019-07-06 00:30:33.470000+00:00,30.945674999999998,100,0.49,3.12,20752049,1.0587908152158578,1.5,25,ok,1000,1.0788495346252012,1.0630044005195893,0.1894426968125048,0.7601593274445291,1.4570275777719175,0.6968682503273884,1.5,25.0,highly_unreliable
mw64,5,primary_N100_step20,100,20,False,fixed,0.01,1.5,1000,80,1600,1700,2019-07-05 23:36:51.280000+00:00,2019-07-06 02:14:54.600000+00:00,2019-07-06 01:08:48.940000+00:00,2019-07-06 01:08:48.940000+00:00,31.583305555555555,100,0.49,3.12,20752066,0.9779818172134781,1.5,22,ok,1000,1.0213654261257665,1.0028559744392034,0.21331129464921006,0.6899792824791081,1.517109897564138,0.8271306150850298,1.5,22.0,highly_unreliable
mw64,5,primary_N100_step20,100,20,False,fixed,0.01,1.5,1000,81,1620,1720,2019-07-06 00:03:09.760000+00:00,2019-07-06 02:45:04.600000+00:00,2019-07-06 01:41:12.960000+00:00,2019-07-06 01:41:12.960000+00:00,32.12331111111111,100,0.5,3.12,20752083,0.840983781260032,1.5,21,ok,1000,0.8637679999008947,0.8363244514080941,0.17574513989296786,0.6067239882820994,1.2902389459005608,0.6835149576184614,1.5,21.0,highly_unreliable
mw64,5,primary_N100_step20,100,20,False,fixed,0.01,1.5,1000,82,1640,1740,2019-07-06 00:48:45.580000+00:00,2019-07-06 03:05:34.010000+00:00,2019-07-06 02:05:20.400000+00:00,2019-07-06 02:05:20.400000+00:00,32.52537777777778,100,0.48,3.12,20752100,0.9368811306806957,1.5,21,ok,1000,0.9821169720400326,0.937404913804782,0.24244225059533087,0.6462718990902739,1.5823197620270135,0.9360478629367396,1.5,21.0,highly_unreliable
mw71,5,primary_N100_step20,100,20,False,fixed,0.01,1.5,1000,0,0,100,2019-07-04 17:36:59.360000+00:00,2019-07-05 07:30:50.670000+00:00,2019-07-05 02:11:59.960000+00:00,2019-07-05 02:11:59.960000+00:00,8.636366666666666,100,0.35,4.74,20800706,0.44509175834883224,1.5,40,ok,1000,0.45446536543316757,0.44790416676267153,0.06049700663639695,0.3546808353295073,0.5905720720384784,0.2358912367089711,1.5,40.0,exploratory
mw71,5,primary_N100_step20,100,20,False,fixed,0.01,1.5,1000,1,20,120,2019-07-04 23:21:00.200000+00:00,2019-07-05 09:26:25.730000+00:00,2019-07-05 04:11:33.170000+00:00,2019-07-05 04:11:33.170000+00:00,10.628924999999999,100,0.35,4.1,20800723,0.5143220118973375,1.5,34,ok,1000,0.5267007772201729,0.5145454447302689,0.0883250581452778,0.38741703200612354,0.7259130314081097,0.33849599940198616,1.5,34.0,exploratory
mw71,5,primary_N100_step20,100,20,False,fixed,0.01,1.5,1000,2,40,140,2019-07-05 00:57:57.170000+00:00,2019-07-05 11:13:40.290000+00:00,2019-07-05 06:38:34.790000+00:00,2019-07-05 06:38:34.790000+00:00,13.079375,100,0.34,4.1,20800740,0.46034434676895614,1.5,38,ok,1000,0.46828359990906543,0.4619604159566267,0.05990685348574046,0.3690406503442202,0.6133781433165029,0.2443374929722827,1.5,38.0,exploratory
mw71,5,primary_N100_step20,100,20,False,fixed,0.01,1.5,1000,3,60,160,2019-07-05 03:01:12.960000+00:00,2019-07-05 11:26:24.910000+00:00,2019-07-05 08:28:32.230000+00:00,2019-07-05 08:28:32.230000+00:00,14.911997222222222,100,0.34,4.1,20800757,0.5392352388050257,1.5,50,ok,1000,0.5457961745639889,0.5386388782450593,0.06079988332826923,0.44457572647664867,0.6784168209317302,0.2338410944550815,1.5,50.0,usable_but_moderately_uncertain
mw71,5,primary_N100_step20,100,20,False,fixed,0.01,1.5,1000,4,80,180,2019-07-05 05:42:53.810000+00:00,2019-07-05 11:38:16.980000+00:00,2019-07-05 11:08:39.870000+00:00,2019-07-05 11:08:39.870000+00:00,17.580786111111113,100,0.34,4.1,20800774,0.5860134395888719,1.5,54,ok,1000,0.5967062768320143,0.5901866599155127,0.07211912217235436,0.4764257996246545,0.7451314246845756,0.2687056250599211,1.5,54.0,usable_but_moderately_uncertain
mw71,5,primary_N100_step20,100,20,False,fixed,0.01,1.5,1000,5,100,200,2019-07-05 07:31:02.390000+00:00,2019-07-05 11:50:45.270000+00:00,2019-07-05 11:20:24.570000+00:00,2019-07-05 11:20:24.570000+00:00,17.77653611111111,100,0.34,3.91,20800791,0.6576908968292894,1.5,58,ok,1000,0.6678916487391243,0.6603759137303675,0.07774262243254336,0.5321875559279587,0.8378140918177464,0.3056265358897876,1.5,58.0,usable_but_moderately_uncertain
mw71,5,primary_N100_step20,100,20,False,fixed,0.01,1.5,1000,6,120,220,2019-07-05 09:36:08.390000+00:00,2019-07-05 12:05:48.060000+00:00,2019-07-05 11:34:02.740000+00:00,2019-07-05 11:34:02.740000+00:00,18.003805555555555,100,0.34,3.91,20800808,0.6338464408545885,1.5,54,ok,1000,0.6437319629337125,0.63677320847994,0.074426775272698,0.5157050296328597,0.8075643438989168,0.29185931426605716,1.5,54.0,usable_but_moderately_uncertain
mw71,5,primary_N100_step20,100,20,False,fixed,0.01,1.5,1000,7,140,240,2019-07-05 11:15:06.290000+00:00,2019-07-05 12:25:18.460000+00:00,2019-07-05 11:44:25.770000+00:00,2019-07-05 11:44:25.770000+00:00,18.176869444444446,100,0.68,3.42,20800825,0.8773924307505152,1.5,51,ok,1000,0.8902635263365801,0.8787115870113935,0.11696264736295321,0.6976002744521508,1.1571264876304592,0.45952621317830844,1.5,51.0,usable_but_moderately_uncertain
mw71,5,primary_N100_step20,100,20,False,fixed,0.01,1.5,1000,8,160,260,2019-07-05 11:26:34.960000+00:00,2019-07-05 12:45:54.310000+00:00,2019-07-05 11:57:20.880000+00:00,2019-07-05 11:57:20.880000+00:00,18.39217777777778,100,0.58,4.42,20800842,0.8378931572770648,1.5,42,ok,1000,0.8667861887805811,0.8449756868043161,0.162421762503213,0.605639820406623,1.2451482263185485,0.6395084059119255,1.5,42.0,exploratory
mw71,5,primary_N100_step20,100,20,False,fixed,0.01,1.5,1000,9,180,280,2019-07-05 11:39:26.050000+00:00,2019-07-05 13:04:01.930000+00:00,2019-07-05 12:13:37.790000+00:00,2019-07-05 12:13:37.790000+00:00,18.663541666666667,100,0.58,4.42,20800859,0.8741391667173538,1.5,38,ok,1000,0.915390179715406,0.8784159355958001,0.20916005790565656,0.5990142689929393,1.4344443675255765,0.8354300985326372,1.5,38.0,exploratory
mw71,5,primary_N100_step20,100,20,False,fixed,0.01,1.5,1000,10,200,300,2019-07-05 11:50:53.920000+00:00,2019-07-05 13:25:10.580000+00:00,2019-07-05 12:41:22.240000+00:00,2019-07-05 12:41:22.240000+00:00,19.125888888888888,100,0.58,4.42,20800876,0.7541894748075095,1.5,35,ok,1000,0.793265450885973,0.7669366576060945,0.17458768992105206,0.519222151400595,1.204521624548686,0.685299473148091,1.5,35.0,exploratory
mw71,5,primary_N100_step20,100,20,False,fixed,0.01,1.5,1000,11,220,320,2019-07-05 12:06:32.470000+00:00,2019-07-05 13:46:45.310000+00:00,2019-07-05 12:53:40.550000+00:00,2019-07-05 12:53:40.550000+00:00,19.330975,100,0.54,4.42,20800893,0.7910865030249816,1.5,35,ok,1000,0.8350044468737883,0.8048453099655157,0.18647233734334617,0.550610413381061,1.2799388499202438,0.7293284365391828,1.5,35.0,exploratory
mw71,5,primary_N100_step20,100,20,False,fixed,0.01,1.5,1000,12,240,340,2019-07-05 12:25:49.910000+00:00,2019-07-05 14:13:49.850000+00:00,2019-07-05 13:10:57.270000+00:00,2019-07-05 13:10:57.270000+00:00,19.61895277777778,100,0.54,4.42,20800910,0.7093311804956032,1.5,33,ok,1000,0.7336786457706883,0.7125641583491749,0.15179270885290227,0.510197915989562,1.090705096496399,0.5805071805068369,1.5,33.0,exploratory
mw71,5,primary_N100_step20,100,20,False,fixed,0.01,1.5,1000,13,260,360,2019-07-05 12:46:14.080000+00:00,2019-07-05 14:41:55.850000+00:00,2019-07-05 13:34:37.830000+00:00,2019-07-05 13:34:37.830000+00:00,20.013552777777775,100,0.54,4.08,20800927,0.7266669505149587,1.5,30,ok,1000,0.7678166764289054,0.7381403361045358,0.16893689154660854,0.5082983201580219,1.1591511561176253,0.6508528359596034,1.5,30.0,exploratory
mw71,5,primary_N100_step20,100,20,False,fixed,0.01,1.5,1000,14,280,380,2019-07-05 13:04:26.380000+00:00,2019-07-05 15:08:37.860000+00:00,2019-07-05 14:00:24.720000+00:00,2019-07-05 14:00:24.720000+00:00,20.443244444444442,100,0.43,4.08,20800944,0.7413878947874554,1.5,25,ok,1000,0.7705115883573362,0.7512760516705128,0.15414246931310466,0.5345862752094195,1.1146205657153412,0.5800342905059217,1.5,25.0,highly_unreliable
mw71,5,primary_N100_step20,100,20,False,fixed,0.01,1.5,1000,15,300,400,2019-07-05 13:25:17.670000+00:00,2019-07-05 15:47:17.470000+00:00,2019-07-05 14:25:34.130000+00:00,2019-07-05 14:25:34.130000+00:00,20.862524999999998,100,0.43,4.08,20800961,0.8766839511023742,1.5,25,ok,1000,0.9167405799959053,0.8921464208752553,0.20778202294036935,0.588588361555715,1.3811310617377819,0.7925427001820669,1.5,25.0,highly_unreliable
mw71,5,primary_N100_step20,100,20,False,fixed,0.01,1.5,1000,16,320,420,2019-07-05 13:47:11.430000+00:00,2019-07-05 16:26:48.320000+00:00,2019-07-05 14:50:27.550000+00:00,2019-07-05 14:50:27.550000+00:00,21.27736388888889,100,0.43,4.08,20800978,0.7790244426251758,1.5,24,ok,1000,0.8183925489698844,0.796307552456239,0.17907678295634014,0.5267136021041079,1.2434455267477296,0.7167319246436217,1.5,24.0,highly_unreliable
mw71,5,primary_N100_step20,100,20,False,fixed,0.01,1.5,1000,17,340,440,2019-07-05 14:16:38.240000+00:00,2019-07-05 17:04:53.600000+00:00,2019-07-05 15:29:25.510000+00:00,2019-07-05 15:29:25.510000+00:00,21.926797222222223,100,0.41,4.08,20800995,0.7883449633379429,1.5,22,ok,1000,0.830844342481586,0.8060217328450298,0.18297208673659604,0.5504606686205418,1.2795347913536759,0.7290741227331341,1.5,22.0,highly_unreliable
mw71,5,primary_N100_step20,100,20,False,fixed,0.01,1.5,1000,18,360,460,2019-07-05 14:42:19.400000+00:00,2019-07-05 17:31:12+00:00,2019-07-05 16:08:35.330000+00:00,2019-07-05 16:08:35.330000+00:00,22.579524999999997,100,0.41,2.5,20801012,0.8424557330934523,1.5,19,ok,1000,0.8553335000903539,0.8342698147741123,0.13584998064237153,0.651997289258224,1.1861041046209726,0.5341068153627486,1.5,19.0,highly_unreliable
mw71,5,primary_N100_step20,100,20,False,fixed,0.01,1.5,1000,19,380,480,2019-07-05 15:13:21.640000+00:00,2019-07-05 18:14:52.360000+00:00,2019-07-05 16:44:31.810000+00:00,2019-07-05 16:44:31.810000+00:00,23.178547222222225,100,0.41,3.68,20801029,0.7825337511956526,1.5,21,ok,1000,0.8135930081157811,0.787597626391357,0.17328760158642945,0.5609725797560334,1.2592198263223395,0.6982472465663061,1.5,21.0,highly_unreliable
mw71,5,primary_N100_step20,100,20,False,fixed,0.01,1.5,1000,20,400,500,2019-07-05 15:48:01.020000+00:00,2019-07-05 18:55:01.240000+00:00,2019-07-05 17:18:19.880000+00:00,2019-07-05 17:18:19.880000+00:00,23.741899999999998,100,0.41,3.68,20801046,0.651358146244794,1.5,17,ok,1000,0.6727710750384138,0.6571436491663343,0.1240266697911305,0.4644455167498472,0.9456388162025124,0.48119329945266526,1.5,17.0,highly_unreliable
mw71,5,primary_N100_step20,100,20,False,fixed,0.01,1.5,1000,21,420,520,2019-07-05 16:28:45.600000+00:00,2019-07-05 19:37:39.840000+00:00,2019-07-05 17:53:12.880000+00:00,2019-07-05 17:53:12.880000+00:00,24.32328888888889,100,0.4,3.68,20801063,0.6812602155476578,1.5,16,ok,1000,0.7056670520951516,0.6917236954483515,0.1362855765013398,0.48701898569177576,1.0006634127939948,0.5136444271022191,1.5,16.0,highly_unreliable
mw71,5,primary_N100_step20,100,20,False,fixed,0.01,1.5,1000,22,440,540,2019-07-05 17:05:28.440000+00:00,2019-07-05 20:34:28.160000+00:00,2019-07-05 18:27:37.200000+00:00,2019-07-05 18:27:37.200000+00:00,24.896711111111113,100,0.37,3.68,20801080,0.8233317327683763,1.5,16,ok,1000,0.8708695559727181,0.8365146802440648,0.22854351928219832,0.5160085763748552,1.4243651827179242,0.908356606343069,1.5,16.0,highly_unreliable
mw71,5,primary_N100_step20,100,20,False,fixed,0.01,1.5,1000,23,460,560,2019-07-05 17:33:28.440000+00:00,2019-07-05 21:40:12.320000+00:00,2019-07-05 19:15:14.800000+00:00,2019-07-05 19:15:14.800000+00:00,25.690488888888886,100,0.29,3.68,20801097,0.9109533476255001,1.5,17,ok,1000,0.9864978335426939,0.9446233380234054,0.2546579131004334,0.5828484354215652,1.5395304493038062,0.9566820138822411,1.5,17.0,highly_unreliable
mw71,5,primary_N100_step20,100,20,False,fixed,0.01,1.5,1000,24,480,580,2019-07-05 18:16:17.200000+00:00,2019-07-05 22:34:22.800000+00:00,2019-07-05 20:03:57.320000+00:00,2019-07-05 20:03:57.320000+00:00,26.502299999999998,100,0.29,2.77,20801114,0.94484034415305,1.5,15,ok,1000,0.9765915433007715,0.9468457526739886,0.19925049657109065,0.6831942396626057,1.432192294718786,0.7489980550561802,1.5,15.0,highly_unreliable
mw71,5,primary_N100_step20,100,20,False,fixed,0.01,1.5,1000,25,500,600,2019-07-05 19:00:12.840000+00:00,2019-07-05 23:09:03.520000+00:00,2019-07-05 21:07:32.560000+00:00,2019-07-05 21:07:32.560000+00:00,27.56208888888889,100,0.29,3.17,20801131,0.7882148877320209,1.5,20,ok,1000,0.8112473744529939,0.7884193645659592,0.15926016677280994,0.5666729070277609,1.1723474365734667,0.6056745295457059,1.5,20.0,highly_unreliable
mw71,5,primary_N100_step20,100,20,False,fixed,0.01,1.5,1000,26,520,620,2019-07-05 19:42:53.180000+00:00,2019-07-06 00:00:45.290000+00:00,2019-07-05 22:15:59.200000+00:00,2019-07-05 22:15:59.200000+00:00,28.702822222222224,100,0.16,3.17,20801148,0.7870120141989558,1.5,19,ok,1000,0.8184636515799422,0.7968929671275373,0.16170710581382808,0.5630349374361212,1.1899933790304256,0.6269584415943044,1.5,19.0,highly_unreliable
mw71,5,primary_N100_step20,100,20,False,fixed,0.01,1.5,1000,27,540,640,2019-07-05 20:39:38.580000+00:00,2019-07-06 00:38:53.200000+00:00,2019-07-05 22:54:25.260000+00:00,2019-07-05 22:54:25.260000+00:00,29.343394444444446,100,0.16,3.17,20801165,0.5656964885592501,1.5,22,ok,1000,0.5805967497011757,0.5678820553617188,0.08639492324936311,0.43935039224167033,0.7943524803611884,0.3550020881195181,1.5,22.0,highly_unreliable
mw71,5,primary_N100_step20,100,20,False,fixed,0.01,1.5,1000,28,560,660,2019-07-05 21:43:07.960000+00:00,2019-07-06 01:13:48.410000+00:00,2019-07-05 23:35:10.320000+00:00,2019-07-05 23:35:10.320000+00:00,30.022577777777776,100,0.16,4.05,20801182,0.5269562913589807,1.5,24,ok,1000,0.5452532779757286,0.5327471990729313,0.09281304779398054,0.40011146632995886,0.7589023215281758,0.35879085519821696,1.5,24.0,highly_unreliable
mw71,5,primary_N100_step20,100,20,False,fixed,0.01,1.5,1000,29,580,680,2019-07-05 22:35:00.240000+00:00,2019-07-06 02:07:29.250000+00:00,2019-07-06 00:22:19.950000+00:00,2019-07-06 00:22:19.950000+00:00,30.80858611111111,100,0.16,4.05,20801199,0.5314014354169503,1.5,22,ok,1000,0.5490774603091083,0.5357917672602925,0.1026209088417036,0.3936615145744636,0.8095035784476536,0.41584206387319006,1.5,22.0,highly_unreliable
mw71,5,primary_N100_step20,100,20,False,fixed,0.01,1.5,1000,30,600,700,2019-07-05 23:11:42.040000+00:00,2019-07-06 02:55:12.760000+00:00,2019-07-06 00:57:31.880000+00:00,2019-07-06 00:57:31.880000+00:00,31.395233333333334,100,0.16,4.05,20801216,0.5653793555281601,1.5,19,ok,1000,0.5918132858169587,0.56787471352831,0.14247447124570695,0.3908432528506649,0.9330569781134779,0.542213725262813,1.5,19.0,highly_unreliable
