window_label,window_index,start_time,end_time,n_events,n_clusters,dominant_cluster_fraction,clustered_event_fraction,principal_axis_azimuth_deg,principal_axis_azimuth_change_deg,centroid_step_distance_km,centroid_step_azimuth_deg,branching_class,orientation_class
post64_hourly_1h_mainshock64_to_mainshock71_0000,0,2019-07-04T17:33:49.040000Z,2019-07-04T18:33:49.040000Z,138,1,0.7898550724637681,0.7898550724637681,35.55961142337247,,,,single_dominant_cluster,stable
post64_hourly_1h_mainshock64_to_mainshock71_0001,1,2019-07-04T18:33:49.040000Z,2019-07-04T19:33:49.040000Z,130,2,0.7846153846153846,0.9,20.808426089824422,14.751185333548053,0.8519831757603653,183.29927214015825,multi_cluster,stable
post64_hourly_1h_mainshock64_to_mainshock71_0002,2,2019-07-04T19:33:49.040000Z,2019-07-04T20:33:49.040000Z,147,1,0.891156462585034,0.891156462585034,25.83780574736784,5.029379657543416,1.2954911096127244,203.00385330846547,single_dominant_cluster,stable
post64_hourly_1h_mainshock64_to_mainshock71_0003,3,2019-07-04T20:33:49.040000Z,2019-07-04T21:33:49.040000Z,135,1,0.9407407407407408,0.9407407407407408,29.12640553610009,3.288599788732256,0.1615491045599666,61.663639464996834,single_dominant_cluster,stable
post64_hourly_1h_mainshock64_to_mainshock71_0004,4,2019-07-04T21:33:49.040000Z,2019-07-04T22:33:49.040000Z,132,1,0.9090909090909092,0.9090909090909092,34.94875187338073,5.822346337280635,0.9929043632448272,27.364219663632355,single_dominant_cluster,stable
post64_hourly_1h_mainshock64_to_mainshock71_0005,5,2019-07-04T22:33:49.040000Z,2019-07-04T23:33:49.040000Z,138,2,0.6739130434782609,0.8695652173913043,20.37226701907889,14.57648485430184,0.6836737531393889,267.8494154972258,multi_cluster,stable
post64_hourly_1h_mainshock64_to_mainshock71_0006,6,2019-07-04T23:33:49.040000Z,2019-07-05T00:33:49.040000Z,137,2,0.656934306569343,0.8832116788321168,22.40902262698853,2.0367556079096403,0.9335647712874068,279.8960340408994,multi_cluster,stable
post64_hourly_1h_mainshock64_to_mainshock71_0007,7,2019-07-05T00:33:49.040000Z,2019-07-05T01:33:49.040000Z,147,3,0.4625850340136054,0.8435374149659864,21.818965238907595,0.5900573880809361,0.5249568376550415,148.87588914650138,multi_cluster,stable
post64_hourly_1h_mainshock64_to_mainshock71_0008,8,2019-07-05T01:33:49.040000Z,2019-07-05T02:33:49.040000Z,139,2,0.7194244604316546,0.9136690647482014,24.608234300810693,2.789269061903098,0.7224042827455834,171.60249184877853,multi_cluster,stable
post64_hourly_1h_mainshock64_to_mainshock71_0009,9,2019-07-05T02:33:49.040000Z,2019-07-05T03:33:49.040000Z,152,1,0.8947368421052632,0.8947368421052632,27.58466711286735,2.976432812056657,0.465198816445775,52.569883395373154,single_dominant_cluster,stable
post64_hourly_1h_mainshock64_to_mainshock71_0010,10,2019-07-05T03:33:49.040000Z,2019-07-05T04:33:49.040000Z,138,2,0.6231884057971014,0.8623188405797102,24.246058839298428,3.338608273568923,0.5839087192958662,296.9585841316794,multi_cluster,stable
post64_hourly_1h_mainshock64_to_mainshock71_0011,11,2019-07-05T04:33:49.040000Z,2019-07-05T05:33:49.040000Z,149,2,0.6644295302013423,0.8926174496644296,23.50640884942186,0.7396499898765683,0.94692934363307,124.5710279121343,multi_cluster,stable
post64_hourly_1h_mainshock64_to_mainshock71_0012,12,2019-07-05T05:33:49.040000Z,2019-07-05T06:33:49.040000Z,131,2,0.7022900763358778,0.7862595419847328,13.811287921224675,9.695120928197184,1.017526682316558,18.656499709444745,multi_cluster,stable
post64_hourly_1h_mainshock64_to_mainshock71_0013,13,2019-07-05T06:33:49.040000Z,2019-07-05T07:33:49.040000Z,149,2,0.785234899328859,0.8657718120805369,2.437832227601916,11.37345569362276,0.1162337633967026,303.90765304009017,multi_cluster,stable
post64_hourly_1h_mainshock64_to_mainshock71_0014,14,2019-07-05T07:33:49.040000Z,2019-07-05T08:33:49.040000Z,142,1,0.9014084507042254,0.9014084507042254,29.74391686431011,27.306084636708192,0.910619530561478,197.691912621284,single_dominant_cluster,moderate_change
post64_hourly_1h_mainshock64_to_mainshock71_0015,15,2019-07-05T08:33:49.040000Z,2019-07-05T09:33:49.040000Z,141,2,0.6808510638297872,0.900709219858156,7.973748987222336,21.77016787708777,0.6485573990578273,305.9823584901764,multi_cluster,moderate_change
post64_hourly_1h_mainshock64_to_mainshock71_0016,16,2019-07-05T09:33:49.040000Z,2019-07-05T10:33:49.040000Z,139,1,0.8920863309352518,0.8920863309352518,25.85900821531527,17.885259228092934,0.4582255837530419,103.79702774345174,single_dominant_cluster,stable
post64_hourly_1h_mainshock64_to_mainshock71_0017,17,2019-07-05T10:33:49.040000Z,2019-07-05T11:33:49.040000Z,137,3,0.4744525547445255,0.8394160583941606,12.50158980613446,13.35741840918081,3.0700964967055797,338.1731183389242,multi_cluster,stable
post64_hourly_1h_mainshock64_to_mainshock71_0018,18,2019-07-05T11:33:49.040000Z,2019-07-05T12:33:49.040000Z,157,3,0.6305732484076433,0.89171974522293,356.5837984592257,15.917791346908755,1.635728690685042,353.82845617683705,multi_cluster,stable
post64_hourly_1h_mainshock64_to_mainshock71_0019,19,2019-07-05T12:33:49.040000Z,2019-07-05T13:33:49.040000Z,149,2,0.7315436241610739,0.8389261744966443,2.0818695456589467,5.498071086433242,0.9068164068775368,221.32473362619567,multi_cluster,stable
post64_hourly_1h_mainshock64_to_mainshock71_0020,20,2019-07-05T13:33:49.040000Z,2019-07-05T14:33:49.040000Z,135,3,0.3925925925925926,0.8,10.5313360386167,8.449466492957754,1.6407899425014532,159.6765656271864,multi_cluster,stable
post64_hourly_1h_mainshock64_to_mainshock71_0021,21,2019-07-05T14:33:49.040000Z,2019-07-05T15:33:49.040000Z,148,3,0.7297297297297297,0.8918918918918919,4.776491321664935,5.754844716951766,0.7227881994947658,326.11707573273367,multi_cluster,stable
post64_hourly_1h_mainshock64_to_mainshock71_0022,22,2019-07-05T15:33:49.040000Z,2019-07-05T16:33:49.040000Z,162,2,0.6358024691358025,0.9197530864197532,17.690474889843813,12.913983568178878,2.771463789975615,168.16968282094058,multi_cluster,stable
post64_hourly_1h_mainshock64_to_mainshock71_0023,23,2019-07-05T16:33:49.040000Z,2019-07-05T17:33:49.040000Z,152,2,0.7171052631578947,0.8223684210526315,9.1095019410663,8.580972948777514,2.549644588327936,358.9085928060974,multi_cluster,stable
post64_hourly_1h_mainshock64_to_mainshock71_0024,24,2019-07-05T17:33:49.040000Z,2019-07-05T18:33:49.040000Z,146,3,0.6095890410958904,0.8698630136986302,355.5826584930795,13.52684344798672,0.9102507969893988,164.08339586243403,multi_cluster,stable
post64_hourly_1h_mainshock64_to_mainshock71_0025,25,2019-07-05T18:33:49.040000Z,2019-07-05T19:33:49.040000Z,141,2,0.7446808510638298,0.9574468085106383,17.343279703961002,21.76062121088148,0.8328402730696985,190.61157896742017,multi_cluster,moderate_change
post64_hourly_1h_mainshock64_to_mainshock71_0026,26,2019-07-05T19:33:49.040000Z,2019-07-05T20:33:49.040000Z,142,3,0.7183098591549296,0.9366197183098592,6.229986223375988,11.113293480585014,0.6355531306393521,49.15646310071986,multi_cluster,stable
post64_hourly_1h_mainshock64_to_mainshock71_0027,27,2019-07-05T20:33:49.040000Z,2019-07-05T21:33:49.040000Z,141,2,0.6453900709219859,0.851063829787234,12.6052064739128,6.375220250536813,1.684482001976691,198.9715801174184,multi_cluster,stable
post64_hourly_1h_mainshock64_to_mainshock71_0028,28,2019-07-05T21:33:49.040000Z,2019-07-05T22:33:49.040000Z,144,2,0.6180555555555556,0.875,6.706886342438679,5.898320131474122,0.7675972177008159,330.43854992732,multi_cluster,stable
post64_hourly_1h_mainshock64_to_mainshock71_0029,29,2019-07-05T22:33:49.040000Z,2019-07-05T23:33:49.040000Z,135,2,0.6074074074074074,0.9037037037037036,8.937668837292733,2.230782494854054,0.4262481191137318,64.75459516035602,multi_cluster,stable
post64_hourly_1h_mainshock64_to_mainshock71_0030,30,2019-07-05T23:33:49.040000Z,2019-07-06T00:33:49.040000Z,116,2,0.4224137931034483,0.7155172413793104,359.16545084207223,9.772217995220444,2.5620277432696126,14.82834165191531,multi_cluster,stable
post64_hourly_1h_mainshock64_to_mainshock71_0031,31,2019-07-06T00:33:49.040000Z,2019-07-06T01:33:49.040000Z,113,1,0.6548672566371682,0.6548672566371682,354.849785874776,4.315664967296243,0.636081189487443,273.7337482436791,single_dominant_cluster,stable
post64_hourly_1h_mainshock64_to_mainshock71_0032,32,2019-07-06T01:33:49.040000Z,2019-07-06T02:33:49.040000Z,118,3,0.3728813559322034,0.8050847457627118,15.85711963908102,21.00733376430503,2.2686245867950414,158.95191302314674,multi_cluster,moderate_change
post64_hourly_1h_mainshock64_to_mainshock71_0033,33,2019-07-06T02:33:49.040000Z,2019-07-06T03:19:53.040000Z,95,2,0.3894736842105263,0.7157894736842105,16.26937913388565,0.4122594948046298,0.0973361627950119,255.43194666543107,multi_cluster,stable
